image,set,q1,q2,q3,q4,q5
er_posttest_lab_1.png,1,True,True,False,True,True
er_posttest_lab_1004.png,2,False,False,True,False,True
er_posttest_lab_1015.png,1,True,True,True,False,True
er_posttest_lab_1017.png,5,True,True,True,False,False
er_posttest_lab_1036.png,3,True,True,True,True,True
er_posttest_lab_1043.png,3,True,False,True,False,False
er_posttest_lab_1047.png,2,False,False,True,False,False
er_posttest_lab_1056.png,4,True,True,False,True,False
er_posttest_lab_2.png,4,True,True,True,False,False
er_posttest_lab_802.png,4,True,False,False,False,False
er_posttest_lab_809.png,2,True,False,True,False,True
er_posttest_lab_810.png,5,True,False,True,False,False
er_posttest_lab_813.png,1,True,True,False,True,True
er_posttest_lab_815.png,2,True,False,True,True,False
er_posttest_lab_818.png,1,True,True,False,False,True
er_posttest_lab_819.png,5,True,True,True,False,True
er_posttest_lab_823.png,3,True,True,True,True,True
er_posttest_lab_825.png,1,True,True,False,True,True
er_posttest_lab_829.png,2,True,False,True,True,False
er_posttest_lab_831.png,5,False,False,True,False,True
er_posttest_lab_832.png,3,True,False,True,True,True
er_posttest_lab_835.png,4,False,True,True,False,False
er_posttest_lab_839.png,3,True,False,True,True,True
er_posttest_lab_845.png,4,False,True,False,False,False
er_posttest_lab_847.png,2,True,False,False,False,False
er_posttest_lab_848.png,5,True,True,False,False,False
er_posttest_lab_849.png,1,True,True,True,False,True
er_posttest_lab_851.png,3,True,False,False,True,False
er_posttest_lab_852.png,1,True,True,False,True,True
er_posttest_lab_854.png,5,True,True,False,False,True
er_posttest_lab_906.png,2,True,False,True,False,False
er_posttest_lab_911.png,3,True,False,True,True,True
er_posttest_lab_914.png,5,True,True,False,False,False
er_posttest_lab_916.png,4,False,True,False,False,False
er_posttest_lab_921.png,2,True,False,True,True,False
er_posttest_lab_924.png,5,False,True,False,True,False
er_posttest_lab_935.png,3,True,False,False,True,True
er_posttest_lab_936.png,4,False,False,False,False,False
er_posttest_lab_937.png,4,False,True,False,False,False
er_posttest_lab_938.png,1,True,True,True,True,True
er_posttest_lab_940.png,2,True,False,True,False,True
er_posttest_lab_941.png,3,True,True,False,True,True
er_posttest_lab_942.png,1,True,True,True,True,True
er_posttest_lab_944.png,2,True,False,True,False,False
er_posttest_lab_947.png,3,True,False,False,True,True
er_posttest_lab_948.png,2,True,False,True,True,True
er_posttest_lab_951.png,5,True,True,False,True,True
er_posttest_lab_955.png,1,True,True,False,False,False
er_posttest_lab_957.png,4,False,False,True,True,False
er_posttest_watrin_1001.png,2,True,False,False,True,True
er_posttest_watrin_1003.png,2,False,False,False,False,True
er_posttest_watrin_1006.png,4,False,False,False,True,False
er_posttest_watrin_1007.png,3,True,False,True,True,True
er_posttest_watrin_1008.png,3,True,False,True,True,True
er_posttest_watrin_1009.png,1,True,True,False,False,True
er_posttest_watrin_1011.png,2,True,False,True,True,False
er_posttest_watrin_1012.png,4,False,True,True,True,False
er_posttest_watrin_1018.png,5,True,True,True,False,True
er_posttest_watrin_1021.png,1,True,True,False,True,True
er_posttest_watrin_1026.png,4,False,True,True,False,False
er_posttest_watrin_1029.png,3,True,False,False,True,True
er_posttest_watrin_1030.png,1,True,True,True,True,True
er_posttest_watrin_1031.png,4,False,True,False,False,False
er_posttest_watrin_1032.png,3,True,False,False,True,False
er_posttest_watrin_1033.png,5,True,True,True,False,False
er_posttest_watrin_1034.png,5,True,True,True,False,True
er_posttest_watrin_1037.png,2,True,False,True,True,False
er_posttest_watrin_1039.png,2,True,False,True,False,True
er_posttest_watrin_1040.png,5,True,False,True,False,True
er_posttest_watrin_1041.png,1,True,True,False,True,True
er_posttest_watrin_1042.png,2,True,False,True,True,True
er_posttest_watrin_1048.png,1,True,True,False,False,True
er_posttest_watrin_1049.png,1,True,True,True,True,True
er_posttest_watrin_1051.png,3,False,False,True,False,False
er_posttest_watrin_1052.png,4,False,True,False,True,False
er_posttest_watrin_1053.png,5,False,False,True,False,True
er_posttest_watrin_1057.png,2,True,False,True,False,False
er_posttest_watrin_805.png,5,True,True,True,False,True
er_posttest_watrin_806.png,5,False,True,True,False,False
er_posttest_watrin_807.png,3,True,False,False,True,True
er_posttest_watrin_814.png,5,True,True,True,False,True
er_posttest_watrin_821.png,1,True,True,True,False,False
er_posttest_watrin_826.png,2,True,False,True,False,True
er_posttest_watrin_827.png,5,True,True,False,False,True
er_posttest_watrin_840.png,4,False,True,False,False,False
er_posttest_watrin_843.png,4,False,False,True,True,False
er_posttest_watrin_903.png,1,True,True,False,False,False
er_posttest_watrin_904.png,2,True,False,True,False,True
er_posttest_watrin_909.png,4,True,True,True,True,False
er_posttest_watrin_910.png,3,True,False,False,True,True
er_posttest_watrin_912.png,3,True,False,True,True,True
er_posttest_watrin_919.png,5,True,True,True,False,False
er_posttest_watrin_923.png,4,False,False,False,True,False
er_posttest_watrin_926.png,1,True,True,True,False,True
er_posttest_watrin_927.png,3,False,True,True,True,True
er_posttest_watrin_929.png,4,False,True,False,True,False
er_posttest_watrin_930.png,3,True,False,True,True,True
er_posttest_watrin_932.png,1,True,True,True,False,True
er_posttest_watrin_934.png,3,True,True,True,True,True
er_posttest_watrin_943.png,2,True,False,True,True,True
er_posttest_watrin_945.png,4,False,True,True,False,False
er_posttest_watrin_950.png,2,True,True,True,True,False
er_posttest_watrin_952.png,1,True,True,False,False,True
er_posttest_watrin_953.png,1,True,True,False,True,True
er_posttest_watrin_954.png,5,True,True,True,False,False
er_posttest_watrin_956.png,1,False,True,True,False,False
er_pretest_lab_1.png,5,False,False,True,False,True
er_pretest_lab_1004.png,2,False,True,True,True,False
er_pretest_lab_1015.png,3,True,False,False,False,True
er_pretest_lab_1017.png,4,True,True,True,True,False
er_pretest_lab_1036.png,5,False,True,True,False,True
er_pretest_lab_1043.png,2,False,False,False,True,False
er_pretest_lab_1047.png,1,True,True,False,False,True
er_pretest_lab_1056.png,4,False,True,True,True,False
er_pretest_lab_2.png,1,False,True,True,False,False
er_pretest_lab_802.png,4,True,False,True,False,False
er_pretest_lab_809.png,2,False,True,False,False,False
er_pretest_lab_810.png,5,False,True,False,True,True
er_pretest_lab_813.png,1,True,False,False,False,True
er_pretest_lab_815.png,3,True,True,True,False,False
er_pretest_lab_818.png,1,True,False,True,False,False
er_pretest_lab_819.png,4,False,True,True,True,False
er_pretest_lab_823.png,2,False,True,True,False,False
er_pretest_lab_825.png,1,True,False,True,True,False
er_pretest_lab_829.png,2,False,True,True,False,False
er_pretest_lab_831.png,5,False,True,True,False,True
er_pretest_lab_832.png,5,False,True,False,True,False
er_pretest_lab_833.png,1,True,False,True,False,False
er_pretest_lab_835.png,4,False,True,True,False,False
er_pretest_lab_839.png,3,False,False,False,False,False
er_pretest_lab_845.png,2,True,False,True,True,True
er_pretest_lab_847.png,1,True,False,True,False,False
er_pretest_lab_848.png,1,False,False,True,True,False
er_pretest_lab_849.png,3,False,False,False,False,False
er_pretest_lab_851.png,4,True,True,True,True,False
er_pretest_lab_852.png,1,False,False,True,True,False
er_pretest_lab_854.png,5,False,False,False,False,True
er_pretest_lab_906.png,5,False,True,True,True,False
er_pretest_lab_911.png,1,True,False,True,True,False
er_pretest_lab_914.png,3,False,True,True,False,False
er_pretest_lab_916.png,4,True,True,False,True,True
er_pretest_lab_921.png,4,False,True,False,True,False
er_pretest_lab_924.png,3,False,True,False,False,False
er_pretest_lab_935.png,5,False,True,False,True,False
er_pretest_lab_936.png,3,False,False,True,False,False
er_pretest_lab_937.png,4,True,True,True,False,False
er_pretest_lab_938.png,1,False,False,True,True,True
er_pretest_lab_940.png,2,False,True,True,True,False
er_pretest_lab_941.png,3,False,False,False,False,False
er_pretest_lab_942.png,2,False,False,False,False,False
er_pretest_lab_944.png,2,False,True,False,False,True
er_pretest_lab_947.png,3,True,False,True,True,False
er_pretest_lab_948.png,2,False,False,False,True,False
er_pretest_lab_951.png,2,False,False,False,False,False
er_pretest_lab_955.png,4,True,True,False,False,True
er_pretest_watrin_1001.png,1,True,False,True,True,False
er_pretest_watrin_1003.png,3,True,False,True,False,False
er_pretest_watrin_1006.png,3,False,False,False,False,False
er_pretest_watrin_1007.png,4,False,True,True,True,False
er_pretest_watrin_1008.png,1,True,False,True,True,True
er_pretest_watrin_1009.png,3,False,False,True,True,False
er_pretest_watrin_1011.png,4,True,True,True,True,True
er_pretest_watrin_1012.png,4,True,True,True,True,True
er_pretest_watrin_1018.png,1,True,False,True,False,True
er_pretest_watrin_1021.png,4,True,True,False,True,False
er_pretest_watrin_1026.png,2,False,True,True,False,False
er_pretest_watrin_1029.png,5,True,True,False,False,False
er_pretest_watrin_1030.png,2,False,False,False,True,False
er_pretest_watrin_1031.png,5,False,False,False,False,False
er_pretest_watrin_1032.png,5,False,False,False,True,True
er_pretest_watrin_1033.png,2,False,True,True,False,True
er_pretest_watrin_1034.png,4,False,True,False,True,True
er_pretest_watrin_1037.png,3,False,False,False,False,False
er_pretest_watrin_1039.png,4,True,True,True,True,False
er_pretest_watrin_1040.png,4,True,True,False,False,True
er_pretest_watrin_1041.png,2,False,False,True,False,False
er_pretest_watrin_1042.png,1,False,False,True,False,False
er_pretest_watrin_1048.png,3,True,False,False,False,False
er_pretest_watrin_1049.png,4,True,True,True,True,False
er_pretest_watrin_1051.png,4,False,True,False,False,False
er_pretest_watrin_1052.png,1,False,False,True,True,True
er_pretest_watrin_1053.png,5,False,True,False,False,True
er_pretest_watrin_1057.png,5,False,False,False,False,True
er_pretest_watrin_805.png,1,False,False,True,True,False
er_pretest_watrin_806.png,3,True,False,True,False,False
er_pretest_watrin_807.png,2,False,False,False,False,False
er_pretest_watrin_814.png,2,False,True,True,False,False
er_pretest_watrin_821.png,1,False,False,True,True,False
er_pretest_watrin_826.png,4,True,True,True,True,False
er_pretest_watrin_827.png,5,False,False,True,True,True
er_pretest_watrin_840.png,5,False,True,False,True,True
er_pretest_watrin_843.png,1,True,False,False,False,False
er_pretest_watrin_903.png,1,False,False,False,True,True
er_pretest_watrin_904.png,4,True,True,False,True,False
er_pretest_watrin_909.png,1,False,False,True,True,False
er_pretest_watrin_910.png,5,False,True,False,False,True
er_pretest_watrin_912.png,3,False,False,True,False,False
er_pretest_watrin_919.png,5,False,True,True,False,True
er_pretest_watrin_923.png,4,False,True,False,True,False
er_pretest_watrin_926.png,3,True,False,True,True,False
er_pretest_watrin_927.png,2,False,True,False,False,False
er_pretest_watrin_929.png,1,True,False,True,True,True
er_pretest_watrin_930.png,3,True,False,True,False,True
er_pretest_watrin_932.png,2,False,False,False,False,False
er_pretest_watrin_934.png,5,True,True,False,True,False
er_pretest_watrin_943.png,3,True,False,True,False,False
er_pretest_watrin_945.png,2,True,True,False,False,False
er_pretest_watrin_950.png,2,False,False,False,True,False
er_pretest_watrin_952.png,5,False,True,True,False,True
er_pretest_watrin_953.png,1,True,False,False,True,False
er_pretest_watrin_954.png,2,False,True,True,True,False
er_pretest_watrin_956.png,2,False,True,True,False,False
