Set,Question,Option 1,Option 2,Option 3,Option 4,Correct Option
"er_pretest Set 1","Which of the following is the most accurate definition of an ER Diagram?",A diagram representing the flow of data in a system.,A visual representation of entities and their relationships in a database.,A chart showing the hierarchy of modules in a software program.,A diagram outlining the steps in a business process.,b
"er_pretest Set 1","In ER diagrams, a weak entity is represented by:",A rectangle with rounded corners.,A double-lined rectangle.,A dashed rectangle.,An oval with double lines.,a
"er_pretest Set 1","A relationship involving three entities simultaneously is called a:",Binary relationship,Ternary relationship,Unary relationship,Complex relationship,b
"er_pretest Set 1","What does a ""one-to-one"" cardinality ratio signify?",Each entity instance in one entity set can relate to many instances in another entity set.,"Each entity instance in one entity set can relate to at most one instance in another entity set, and vice versa.",Many instances in one entity set can relate to many instances in another entity set.,Each entity instance must relate to at least one instance in another entity set.,b
"er_pretest Set 1","When is it most appropriate to use a ternary relationship instead of multiple binary relationships?",When you want to simplify the ER diagram visually.,When the relationship involves attributes that depend on the combination of all three entities.,When the three entities are of the same type.,Ternary relationships are never necessary; binary relationships are always sufficient.,d
"er_pretest Set 2","In an ER diagram, entities are represented by:",Ovals,Rectangles,Diamonds,Circles,b
"er_pretest Set 2","Which of the following is an example of a composite attribute?",Age,"Address (Street, City, State, Zip)",Salary,Employee ID,b
"er_pretest Set 2","In an ER diagram, relationships are represented by:",Rectangles,Ovals,Diamonds,Circles,c
"er_pretest Set 2","In a ""one-to-many"" relationship between Author and Book, which entity would typically hold the foreign key?",Author,Book,The relationship itself,A separate linking table,b
"er_pretest Set 2","An entity that depends on another entity for its existence is called:",A strong entity,A weak entity,A composite entity,An associative entity,b
"er_pretest Set 3","Which type of attribute cannot be further subdivided?",Composite,Multi-valued,Simple,Derived,c
"er_pretest Set 3","A multi-valued attribute is best represented by:",Listing all possible values within the entity rectangle.,Creating a separate entity for the attribute.,Using a double-lined oval.,Underlining the attribute name.,c
"er_pretest Set 3","A relationship involving three entities simultaneously is called a:",Binary relationship,Ternary relationship,Unary relationship,Complex relationship,b
"er_pretest Set 3","Which cardinality ratio is commonly implemented using a linking or associative table?",One-to-one,One-to-many,Many-to-many,One-to-zero,c
"er_pretest Set 3","An entity that depends on another entity for its existence is called:",A strong entity,A weak entity,A composite entity,An associative entity,b
"er_pretest Set 4","A relationship between instances of one entity type is called a:",Binary relationship,Ternary relationship,Unary relationship,Recursive relationship,c
"er_pretest Set 4","Which of the following is the best example of a derived attribute?",Date of Birth,Address,Age (calculated from Date of Birth),Phone Number,c
"er_pretest Set 4","Which of the following real-world scenarios best exemplifies a one-to-many relationship?",A student enrolls in many courses.,An employee manages one department.,A doctor treats many patients.,A book is written by multiple authors.,d
"er_pretest Set 4","When should you choose to model a concept as an entity rather than an attribute?",When the concept has multiple values for each instance.,When the concept has relationships with other entities.,When the concept needs to be uniquely identified.,All of the above.,b
"er_pretest Set 4","What does a ""one-to-one"" cardinality ratio signify?","Each entity instance in one entity set can relate to many instances in another entity set.","Each entity instance in one entity set can relate to at most one instance in another entity set, and vice versa.","Many instances in one entity set can relate to many instances in another entity set.","Each entity instance must relate to at least one instance in another entity set.",d
"er_pretest Set 5","What does cardinality specify in the context of relationships?",The complexity of the database schema.,The number of entities involved in a relationship.,The minimum and maximum number of entity instances related to another entity instance.,The attributes of the relationship.,c
"er_pretest Set 5","What is the significance of a primary key in an entity?",It defines the relationships with other entities.,It uniquely identifies each instance of the entity.,It determines the data type of the attributes.,It specifies the storage location of the entity.,b
"er_pretest Set 5","What is the purpose of relationship attributes?",To describe the characteristics of the entities involved.,To define the primary key of the entities.,To describe the relationship itself.,To store foreign keys.,c
"er_pretest Set 5","How is the ""minimum cardinality"" of a relationship represented in ER diagrams?",Using different line styles for the relationship.,"Using Crow's Foot notation.","Using numbers (0, 1, or *) to indicate the minimum number of instances.","Using different colors for the relationship diamond.",c
"er_pretest Set 5","Which of the following is a key consideration when converting an ER diagram into a relational database schema?",Ensuring that all entities are represented as tables.,Representing relationships using foreign keys.,Resolving many-to-many relationships with linking tables.,All of the above.,d
"er_posttest Set 1","Why are ER diagrams important in database design?",They automatically generate database code.,"They provide a clear, visual representation of the database structure, aiding communication and design.",They are required by all database management systems.,They improve database performance.,b
"er_posttest Set 1","Which of the following is the best example of a derived attribute that changes over time?",Social Security Number,Employee ID,Years of Experience (calculated from hire date),First Name,c
"er_posttest Set 1","In a ternary relationship between entities A, B, and C, what is the primary way to represent this in a relational database?",By creating three separate binary relationships.,By adding foreign keys from A and B into C.,"By creating a new table representing the ternary relationship with foreign keys to A, B, and C.",Ternary relationships cannot be directly represented.,c
"er_posttest Set 1","If an entity on one side of a relationship can relate to zero or one instance on the other side, what is the minimum cardinality?",Zero,One,Many,It depends on the maximum cardinality.,a
"er_posttest Set 1","When should you choose to model a concept as an entity rather than an attribute?",When the concept has multiple values for each instance.,When the concept has relationships with other entities.,When the concept needs to be uniquely identified.,All of the above.,d
"er_posttest Set 2","In an ER diagram, what does an oval typically represent?",An entity,A relationship,An attribute,A key,c
"er_posttest Set 2","How is a multi-valued attribute usually handled when converting an ER diagram to a relational schema?",It is ignored.,It becomes a composite attribute.,It is transformed into a separate entity.,It is stored as a single string with delimiters.,c
"er_posttest Set 2","If a relationship is mandatory for one entity but optional for another, what kind of participation constraint is it?",Total participation for both entities.,Partial participation for both entities.,Total participation for one entity and partial participation for the other.,It depends on the type of relationship.,b
"er_posttest Set 2","In a many-to-many relationship between Students and Courses, how is the relationship typically implemented in a relational database?",Adding a list of course IDs to the Student table.,Adding a list of student IDs to the Course table.,Creating a separate junction table with foreign keys to both Student and Course tables.,Duplicating data in both Student and Course tables.,c
"er_posttest Set 2","In an ER diagram, what does a double-lined oval represent?",A key attribute,A composite attribute,A multi-valued attribute,A derived attribute,c
"er_posttest Set 3","What is the key characteristic of a single-valued attribute?",It can have multiple values.,It can only have one value.,It is calculated from other attributes.,It is used to identify entities.,a
"er_posttest Set 3","If an attribute is both composite and multi-valued (e.g., phone numbers with area code and number), how would you represent it in a relational database?",A single column to store combined values.,A separate table with foreign keys to the main entity.,Multiple columns in the main entity table.,A separate table with concatenated values.,b
"er_posttest Set 3","Which of the following best describes a reflexive relationship?",A relationship between two different entities.,A relationship between an entity and itself.,A relationship involving three entities.,A relationship with no attributes.,c
"er_posttest Set 3","What does it mean if an entity participates in a relationship with a cardinality of (1,1)?",The entity is optional in the relationship.,The entity must participate in exactly one instance of the relationship.,The entity can participate in multiple instances of the relationship.,The entity cannot participate in the relationship.,d
"er_posttest Set 3","How does weak entity helps to improve the ER diagram?",Reducing complexity,Reducing redundancy,Improving performance,Representing data dependencies clearly,d
"er_posttest Set 4","A relationship that connects an entity to itself is known as a:",Recursive relationship,Binary relationship,Ternary relationship,Complex relationship,b
"er_posttest Set 4","What distinguishes a key attribute from other attributes?",It can have null values.,It uniquely identifies an entity instance.,It can be multi-valued.,It defines relationships with other entities.,b
"er_posttest Set 4","When should you consider adding attributes directly to a relationship?",When the attribute describes a property of one of the related entities.,"When the attribute describes a property of the relationship itself, independent of the entities.",When you want to simplify the ER diagram.,You should never add attributes to a relationship.,c
"er_posttest Set 4","If an entity has optional participation in a relationship, what value represents the minimum cardinality?",1,0,-1,It depends on the maximum cardinality.,a
"er_posttest Set 4","Which of the following scenario requires the use of ternary relationship?",Student enrolls in Courses,Student enrolls in Courses taught by Professors,Course is taught by Professor,Student learns from Professor,d
"er_posttest Set 5","What does participation constraint help to define?",The attributes of the entity,The number of entities in a database,Whether an entity instance must participate in a relationship,"The type of relationship (one-to-one, one-to-many, etc.)",b
"er_posttest Set 5","A weak entity always depends on its identification?",Another weak entity,A strong entity and its primary key,A relationship with an attribute,A composite attribute,a
"er_posttest Set 5","What is the implication of a relationship having attributes?",It always requires a separate linking table in the relational database.,It means the relationship is mandatory.,It indicates that the relationship itself has properties that need to be recorded.,It simplifies the conversion to a relational schema.,c
"er_posttest Set 5","What is the primary purpose of specifying cardinality constraints in an ER diagram?",To enforce data integrity rules.,To improve query performance.,To simplify the diagram.,To determine the physical storage of data.,a
"er_posttest Set 5","Which of the following is a key advantage of using ER diagrams in database design?",Automated code generation,Improved data security,Enhanced communication and understanding among stakeholders,Faster query execution speeds,c
"normalization_pretest Set 1","What is a primary key in a relational database?",A column that uniquely identifies each record in a table,A column used to store primary data,A foreign reference to another table,A non-unique identifier,a
"normalization_pretest Set 1","What is the purpose of a primary key in a table?",To ensure every row is unique,To link two tables together,To store the data efficiently,To reduce data redundancy,a
"normalization_pretest Set 1","In 3NF, which of the following conditions is required for a table to be normalized?",All non-key attributes are directly dependent on the primary key,All attributes are atomic,All non-key attributes are independent of each other,All primary keys are composite keys,a
"normalization_pretest Set 1","What does 1NF require about the data in a table?",It must contain atomic values,It must have a composite primary key,It must include foreign keys,It must have no partial dependencies,a
"normalization_pretest Set 1","Given the table with attributes (StudentID, CourseID, InstructorID, InstructorPhone), and assuming a transitive dependency between InstructorID and InstructorPhone (InstructorID → InstructorPhone), which normalization step is required to resolve this issue?",Convert to 1NF,Remove partial dependencies to convert to 2NF,Remove transitive dependencies to convert to 3NF,Convert to BCNF,c
"normalization_pretest Set 2","Which of the following is true about a foreign key?",It is a unique identifier,It is used to link tables together,It must contain unique values,It is a non-essential column,b
"normalization_pretest Set 2","In which of the following cases is normalization particularly important?",When dealing with small databases,When managing large and complex databases,When storing binary data,When running queries with high speed requirements,b
"normalization_pretest Set 2","What should be done to remove a transitive dependency in a table with columns StudentID, CourseID, InstructorID, and InstructorPhone?",Create a new table for Instructor and move InstructorPhone there,Remove InstructorPhone,Merge InstructorID and InstructorPhone into one column,Remove the foreign key,a
"normalization_pretest Set 2","Which of the following would violate 2NF?",A table with composite keys and partial dependencies,A table with atomic data,A table with only one primary key column,A table without repeating groups,a
"normalization_pretest Set 2","When converting a table from 2NF to 3NF, which of the following steps is NOT required?",Identify transitive dependencies,Remove partial dependencies,Ensure non-prime attributes are non-transitively dependent on the primary key,Decompose relations into smaller tables to reduce redundancy,b
"normalization_pretest Set 3","Which of the following describes normalization in databases?",Reducing the size of a database,Organizing data to avoid redundancy,Storing all data in one table,Increasing data redundancy,b
"normalization_pretest Set 3","Which of the following is a disadvantage of normalization?",Reduced data redundancy,Increased complexity of queries,Better data integrity,Simpler data management,b
"normalization_pretest Set 3","If a table has a composite key, and there are partial dependencies, what is the next step to normalize it?",Convert it to 2NF,Convert it to 1NF,Remove atomic values,Convert it to 3NF,a
"normalization_pretest Set 3","When is a table in 2NF?",When it is in 1NF and has no partial dependencies,When it is in 1NF and has no transitive dependencies,When it has atomic values,When all columns are functionally dependent on the primary key,a
"normalization_pretest Set 3","You are given a table with attributes (EmployeeID, DepartmentID, DepartmentManager, DepartmentLocation). The DepartmentManager attribute is dependent on DepartmentID, which in turn is dependent on EmployeeID. What is the appropriate normalization step to address this issue?",Convert to 1NF,Convert to 2NF by removing partial dependencies,Convert to 3NF by removing transitive dependencies,Convert to BCNF by ensuring every determinant is a candidate key,c
"normalization_pretest Set 4","What is the goal of database normalization?",To eliminate data anomalies and redundancy,To store related data in multiple tables,To increase redundancy,To make data less structured,a
"normalization_pretest Set 4","Which of the following would violate the rules of 1NF?",Storing atomic data in columns,Having multiple values in a single column,Having a unique primary key,Keeping each record unique,b
"normalization_pretest Set 4","Which of the following actions is required to convert a table to 2NF?",Remove partial dependencies,Remove transitive dependencies,Remove repeating groups,Ensure atomic values,a
"normalization_pretest Set 4","Which of the following changes would bring a table into 3NF?",Eliminate transitive dependencies,Remove composite keys,Remove atomic values,Remove primary keys,a
"normalization_pretest Set 4","Which of the following is true about a table that has been normalized to 3NF but not to BCNF?",There may still be some functional dependencies where a non-prime attribute determines a prime attribute,All tansitive dependencies have been removed,Every non-prime attribute depends directly on the primary key,Every attribute in the table is atomic,a
"normalization_pretest Set 5","Which of the following is a characteristic of a normalized database?",Tables are interdependent,Data is stored in one large table,Redundant data is eliminated,Only one table is used for all data,c
"normalization_pretest Set 5","In 2NF, which of the following must be removed?",Partial dependencies,Transitive dependencies,Composite keys,Non-atomic values,a
"normalization_pretest Set 5","What action is necessary to eliminate transitive dependencies in a table?",Split the table into smaller tables,Remove the composite key,Ensure that all non-prime attributes are dependent only on the primary key,Add foreign keys to link related tables,a
"normalization_pretest Set 5","Which of the following would be a violation of 3NF?",A non-key attribute depends on another non-key attribute,A non-key attribute depends on part of the primary key,A non-key attribute is dependent on the whole primary key,All attributes are atomic,a
"normalization_pretest Set 5","Given the table (StudentID, StudentName, CourseID, InstructorID, InstructorPhone), if the InstructorPhone depends on InstructorID, and InstructorID depends on CourseID, which normalization process is required to remove this transitive dependency?",Convert to 1NF by removing repeating groups,Convert to 2NF by removing partial dependencies,Convert to 3NF by removing transitive dependencies,Convert to BCNF by ensuring every determinant is a candidate key,c
"normalization_posttest Set 1","What does the First Normal Form (1NF) ensure?",No repeating groups of columns,No foreign keys,Atomicity of data,All of the above,d
"normalization_posttest Set 1","Which of the following describes partial dependencies in a table?",A non-key attribute depends on the whole primary key,A non-key attribute depends on part of a composite primary key,A non-key attribute depends on another non-key attribute,A foreign key is used to link two tables,b
"normalization_posttest Set 1","Which of the following best describes the process of converting a table to 1NF?",Eliminate repeating groups and ensure atomic values,Remove partial dependencies,Remove transitive dependencies,Add composite keys,a
"normalization_posttest Set 1","How do you convert a table from 1NF to 2NF?",Remove partial dependencies from a table with a composite key,Ensure all non-prime attributes depend on the entire primary key,Ensure all attributes are atomic,Remove transitive dependencies,a
"normalization_posttest Set 1","A table has the following columns: (OrderID, ProductID, ProductPrice, CustomerID, CustomerName). The ProductPrice is dependent on ProductID, and CustomerName is dependent on CustomerID. What normalization step is required to address these dependencies if the table is in 2NF?",Remove partial dependencies,Remove transitive dependencies to achieve 3NF,Create a composite primary key,Add foreign keys to link the tables,b
"normalization_posttest Set 2","Which of the following is NOT part of normalization?",Reducing data redundancy,Avoiding partial dependencies,Storing data in one large table,Eliminating transitive dependencies,c
"normalization_posttest Set 2","What is the main advantage of normalizing a database to 2NF?",Eliminating repeating groups,Removing partial dependencies and redundancy,Ensuring atomic values,Removing transitive dependencies,b
"normalization_posttest Set 2","What must be done when a table is in 2NF but has partial dependencies?",Remove the composite key,Split the table into smaller tables,Create new tables to remove partial dependencies,Remove the foreign key,c
"normalization_posttest Set 2","What happens when you remove partial dependencies in 2NF?",The table moves to 3NF,The table moves to BCNF,The table moves to 1NF,The table becomes more redundant,a
"normalization_posttest Set 2","You are given a table with columns (EmployeeID, DepartmentID, ManagerID, ManagerPhone). The ManagerPhone is dependent on ManagerID, and ManagerID is dependent on DepartmentID. What step should be taken to normalize this table to 3NF?",Remove partial dependencies to convert to 2NF,Remove transitive dependencies to convert to 3NF,Ensure atomic values to convert to 1NF,Remove foreign keys to make the table simpler,b
"normalization_posttest Set 3","Which of the following is the simplest form of a relational database?",2NF (Second Normal Form),3NF (Third Normal Form),1NF (First Normal Form),BCNF (Boyce-Codd Normal Form),c
"normalization_posttest Set 3","Which of the following best describes the Third Normal Form (3NF)?",A table with no repeating groups,A table with no partial dependencies,A table with no transitive dependencies,A table with no foreign keys,c
"normalization_posttest Set 3","Which of the following is an example of a transitive dependency in a table?",Employee → Department → DepartmentManager,Employee → Department,Department → DepartmentManager,Employee → Manager,a
"normalization_posttest Set 3","In a table with transitive dependencies, what is the next step after normalizing to 2NF?",Normalize to 3NF by removing transitive dependencies,Convert to 1NF,Add composite keys,Remove atomic values,a
"normalization_posttest Set 3","Which of the following statements about normalization is correct in the context of 3NF?",3NF ensures that every non-prime attribute is functionally dependent on every key and that there are no transitive dependencies,3NF ensures there are no composite keys,3NF ensures all attributes are atomic,3NF ensures every attribute is fully functionally dependent on the primary key,a
"normalization_posttest Set 4","Which of the following is a key concept of the Second Normal Form (2NF)?",Eliminate repeating groups,Remove partial dependencies,Remove transitive dependencies,Ensure that all columns have atomic values,b
"normalization_posttest Set 4","Which of the following actions is necessary to move from 1NF to 2NF?",Remove transitive dependencies,Remove partial dependencies,Eliminate repeating groups,Remove foreign keys,b
"normalization_posttest Set 4","What must be done to convert a table from 2NF to 3NF?",Remove partial dependencies,Remove transitive dependencies,Eliminate repeating groups,Add a foreign key,b
"normalization_posttest Set 4","What must be done when a table is in 3NF but has transitive dependencies?",Remove the transitive dependencies,Convert it to 2NF,Add foreign keys to related tables,Normalize it into BCNF,a
"normalization_posttest Set 4","Given a table with the columns (StudentID, CourseID, CourseName, InstructorID, InstructorName), if InstructorName depends on InstructorID, and InstructorID depends on CourseID, what normalization should be performed?",Convert to 1NF,Convert to 2NF,Convert to 3NF by removing transitive dependencies,Convert to BCNF by ensuring no non-prime attribute determines a prime attribute,c
"normalization_posttest Set 5","Which of the following describes a table in Third Normal Form (3NF)?",No partial dependencies,No transitive dependencies,Every non-prime attribute is non-transitively dependent on every key,All of the above,d
"normalization_posttest Set 5","In a table that violates 2NF, which of the following must be addressed?",Remove atomicity violations,Remove partial dependencies,Eliminate transitive dependencies,Add primary keys,b
"normalization_posttest Set 5","When normalizing a table to 3NF, what type of dependencies are eliminated?",Partial dependencies,Transitive dependencies,Both partial and transitive dependencies,None of the above,b
"normalization_posttest Set 5","In 3NF, what does ""transitive dependency"" mean?",A non-key attribute depends on another non-key attribute,A non-key attribute depends on part of the primary key,A non-key attribute depends on the entire primary key,A primary key depends on a non-key attribute,a
"normalization_posttest Set 5","Which of the following is an example of a table that violates BCNF but is in 3NF?",A table with a functional dependency where a non-prime attribute determines a prime attribute,A table with no foreign keys,A table where every non-prime attribute is functionally dependent on the primary key,A table where each row is unique and contains no repeating groups,a