image,marked,count,left_margin_x,green_margin_x
er_posttest_lab_1.png,"[(416, 2319), (254, 2162), (417, 2241), (577, 2242), (737, 2159), (245, 179)]",6,47,146
er_posttest_lab_1004.png,"[(233, 2185), (634, 2104), (555, 2185), (313, 2264), (397, 2105), (328, 117)]",6,75,119
er_posttest_lab_1015.png,"[(440, 2319), (679, 2240), (279, 2161), (357, 2240), (275, 177), (757, 2162)]",6,77,159
er_posttest_lab_1017.png,"[(305, 2179), (224, 2099), (143, 2260), (545, 2098), (783, 2179), (466, 111)]",6,57,114
er_posttest_lab_1036.png,"[(297, 2182), (135, 2104), (777, 2181), (379, 2260), (617, 2102), (357, 115)]",6,51,103
er_posttest_lab_1043.png,"[(320, 2183), (157, 2263), (719, 2105), (640, 2185), (157, 2107), (377, 113)]",6,71,125
er_posttest_lab_1047.png,"[(651, 2095), (411, 2255), (652, 2173), (172, 2097), (254, 2177), (322, 107)]",6,70,143
er_posttest_lab_1056.png,"[(308, 2266), (226, 2108), (545, 2187), (229, 2187), (424, 117), (628, 2105)]",6,65,118
er_posttest_lab_2.png,"[(239, 2107), (643, 2104), (721, 2183), (431, 117), (320, 2183), (320, 2265)]",6,72,127
er_posttest_lab_802.png,"[(785, 2186), (224, 2107), (142, 2267), (785, 2105), (415, 116)]",5,58,109
er_posttest_lab_809.png,"[(322, 2108), (241, 2188), (321, 2269), (803, 2188), (328, 118)]",5,77,130
er_posttest_lab_810.png,"[(297, 2187), (697, 2189), (135, 2265), (215, 2107), (781, 2110), (477, 119)]",6,67,102
er_posttest_lab_813.png,"[(441, 2317), (280, 2236), (760, 2159), (599, 2239), (277, 2158), (277, 176)]",6,77,168
er_posttest_lab_815.png,"[(705, 2187), (787, 2108), (224, 2266), (304, 2109), (224, 2187), (310, 119)]",6,57,115
er_posttest_lab_818.png,"[(287, 2151), (449, 2230), (767, 2150), (686, 2230), (448, 2312), (279, 169)]",6,81,178
er_posttest_lab_819.png,"[(328, 2270), (568, 2110), (327, 2191), (248, 2113), (490, 122), (806, 2191)]",6,79,137
er_posttest_lab_823.png,"[(383, 2265), (622, 2107), (142, 2108), (305, 2186), (785, 2188), (365, 116)]",6,61,114
er_posttest_lab_825.png,"[(595, 2240), (437, 2320), (437, 2240), (757, 2161), (273, 2164), (257, 179)]",6,61,164
er_posttest_lab_829.png,"[(242, 2186), (644, 2107), (325, 2105), (724, 2182), (403, 2264), (332, 116)]",6,79,134
er_posttest_lab_831.png,"[(640, 2104), (158, 2104), (321, 2263), (640, 2186), (321, 2187), (490, 116)]",6,79,129
er_posttest_lab_832.png,"[(716, 2108), (400, 2269), (157, 2107), (319, 2188), (795, 2186), (380, 117)]",6,72,127
er_posttest_lab_835.png,"[(797, 2187), (315, 2187), (638, 2107), (153, 2267), (157, 2107), (431, 116)]",6,74,122
er_posttest_lab_839.png,"[(160, 2107), (401, 2266), (802, 2188), (560, 2110), (319, 2185), (387, 118)]",6,81,128
er_posttest_lab_845.png,"[(700, 2186), (140, 2104), (415, 117), (619, 2107), (301, 2265), (139, 2188)]",6,56,110
er_posttest_lab_847.png,"[(380, 2182), (217, 2261), (299, 2104), (619, 2104), (619, 2185), (319, 115)]",6,62,103
er_posttest_lab_848.png,"[(707, 2186), (548, 2105), (229, 2183), (229, 2104), (143, 2261), (483, 113)]",6,69,114
er_posttest_lab_849.png,"[(431, 2315), (751, 2158), (265, 176), (670, 2235), (349, 2237), (272, 2161)]",6,67,160
er_posttest_lab_851.png,"[(783, 2189), (703, 2110), (141, 2109), (383, 2188), (141, 2266), (363, 119)]",6,55,112
er_posttest_lab_852.png,"[(598, 2240), (758, 2161), (199, 2239), (437, 2320), (277, 2158), (269, 178)]",6,73,166
er_posttest_lab_854.png,"[(693, 2188), (291, 2266), (212, 2109), (373, 2188), (459, 119), (533, 2107)]",6,51,105
er_posttest_lab_906.png,"[(237, 2185), (639, 2186), (641, 2105), (239, 2263), (331, 117), (316, 2105)]",6,79,124
er_posttest_lab_911.png,"[(405, 2265), (727, 2107), (326, 2188), (166, 2107), (806, 2185), (386, 119)]",6,81,134
er_posttest_lab_914.png,"[(183, 2181), (661, 2175), (580, 2095), (262, 2099), (182, 2261), (481, 109)]",6,69,151
er_posttest_lab_916.png,"[(164, 2183), (164, 2103), (805, 2181), (321, 2260), (435, 112), (646, 2101)]",6,78,131
er_posttest_lab_921.png,"[(297, 2101), (217, 2181), (616, 2099), (215, 2260), (695, 2177), (302, 110)]",6,51,107
er_posttest_lab_924.png,"[(266, 2189), (586, 2109), (185, 2109), (585, 2189), (183, 2270), (509, 121)]",6,101,156
er_posttest_lab_935.png,"[(418, 2257), (737, 2093), (817, 2173), (418, 2176), (369, 109), (177, 2099)]",6,67,149
er_posttest_lab_936.png,"[(152, 2179), (314, 2257), (151, 2098), (551, 2096), (403, 107), (791, 2173)]",6,45,123
er_posttest_lab_937.png,"[(820, 2171), (661, 2093), (343, 2257), (177, 2099), (261, 2177), (429, 109)]",6,72,150
er_posttest_lab_938.png,"[(297, 2145), (459, 2301), (617, 2221), (777, 2140), (271, 164), (376, 2224)]",6,71,186
er_posttest_lab_940.png,"[(661, 2093), (260, 2181), (340, 2259), (821, 2171), (325, 110), (341, 2098)]",6,73,150
er_posttest_lab_941.png,"[(221, 2192), (783, 2189), (623, 2111), (383, 2271), (142, 2111), (359, 123)]",6,57,113
er_posttest_lab_942.png,"[(782, 2145), (382, 2230), (622, 2227), (301, 2150), (465, 2308), (271, 169)]",6,69,193
er_posttest_lab_944.png,"[(212, 2187), (614, 2107), (615, 2188), (295, 2107), (373, 2266), (299, 119)]",6,49,100
er_posttest_lab_947.png,"[(802, 2171), (723, 2093), (163, 2098), (242, 2177), (404, 2257), (364, 110)]",6,57,132
er_posttest_lab_948.png,"[(795, 2099), (313, 2259), (715, 2177), (313, 2101), (236, 2180), (317, 112)]",6,67,121
er_posttest_lab_951.png,"[(229, 2095), (548, 2090), (389, 2170), (309, 2252), (453, 104), (547, 2171)]",6,41,121
er_posttest_lab_955.png,"[(655, 2231), (175, 2311), (255, 2234), (254, 2153), (734, 2151), (244, 170)]",6,47,144
er_posttest_lab_957.png,"[(308, 2180), (706, 2099), (421, 112), (307, 2260), (148, 2103), (550, 2183)]",6,60,116
er_posttest_watrin_1001.png,"[(299, 2186), (299, 2265), (298, 2108), (698, 2186), (619, 2105), (1270, 100), (304, 116)]",7,50,109
er_posttest_watrin_1003.png,"[(805, 2103), (323, 2183), (323, 2263), (323, 115), (566, 2185), (166, 2104)]",6,71,131
er_posttest_watrin_1006.png,"[(196, 2108), (437, 2187), (356, 2266), (758, 2104), (598, 2185), (463, 119)]",6,106,171
er_posttest_watrin_1007.png,"[(181, 2101), (341, 2177), (423, 2259), (392, 111), (820, 2177), (741, 2099)]",6,85,150
er_posttest_watrin_1008.png,"[(309, 2183), (789, 2103), (389, 2263), (788, 2181), (148, 2107), (361, 116)]",6,55,121
er_posttest_watrin_1009.png,"[(862, 2228), (781, 2149), (460, 2309), (298, 2152), (219, 2230), (286, 169)]",6,87,189
er_posttest_watrin_1011.png,"[(367, 2098), (287, 2180), (767, 2171), (687, 2093), (345, 110)]",5,95,175
er_posttest_watrin_1012.png,"[(631, 2109), (311, 2270), (151, 2109), (555, 2188), (415, 121), (310, 2187)]",6,56,125
er_posttest_watrin_1018.png,"[(735, 2175), (337, 2176), (335, 2254), (575, 2096), (253, 2096), (502, 110)]",6,91,142
er_posttest_watrin_1021.png,"[(644, 2225), (244, 2233), (322, 2152), (485, 2307), (291, 167), (805, 2145)]",6,92,213
er_posttest_watrin_1026.png,"[(623, 2185), (623, 2104), (303, 2264), (145, 2107), (410, 118), (308, 2181)]",6,53,113
er_posttest_watrin_1029.png,"[(404, 2264), (802, 2181), (723, 2101), (160, 2188), (159, 2109), (369, 115)]",6,61,130
er_posttest_watrin_1030.png,"[(460, 2308), (382, 2230), (303, 2151), (781, 2150), (616, 2229), (286, 169)]",6,87,189
er_posttest_watrin_1031.png,"[(157, 2183), (158, 2104), (418, 113), (639, 2099), (319, 2259), (716, 2176)]",6,59,128
er_posttest_watrin_1032.png,"[(851, 2170), (451, 2175), (208, 2101), (767, 2090), (209, 2260), (401, 107)]",6,93,176
er_posttest_watrin_1033.png,"[(329, 2186), (249, 2265), (571, 2108), (248, 2108), (811, 2183), (495, 118)]",6,83,136
er_posttest_watrin_1034.png,"[(555, 2107), (236, 2105), (315, 2264), (317, 2186), (717, 2188), (483, 116)]",6,69,126
er_posttest_watrin_1037.png,"[(742, 2176), (343, 2098), (423, 2257), (823, 2095), (341, 111), (265, 2180)]",6,89,156
er_posttest_watrin_1039.png,"[(651, 2175), (251, 2177), (332, 2097), (651, 2095), (335, 2257), (332, 110)]",6,79,143
er_posttest_watrin_1040.png,"[(320, 2179), (322, 2255), (239, 2101), (719, 2176), (635, 2097), (479, 110)]",6,67,127
er_posttest_watrin_1041.png,"[(615, 2228), (455, 2308), (775, 2149), (295, 2151), (457, 2230), (275, 169)]",6,78,184
er_posttest_watrin_1042.png,"[(242, 2183), (721, 2180), (323, 2104), (323, 2263), (322, 116)]",5,69,128
er_posttest_watrin_1048.png,"[(685, 2224), (283, 2147), (764, 2147), (445, 2306), (206, 2227), (269, 167)]",6,69,174
er_posttest_watrin_1049.png,"[(267, 2157), (251, 173), (585, 2234), (350, 2236), (745, 2153), (428, 2314)]",6,53,153
er_posttest_watrin_1051.png,"[(715, 2179), (315, 2179), (155, 2259), (375, 111), (395, 2101), (715, 2098)]",6,67,124
er_posttest_watrin_1052.png,"[(164, 2111), (165, 2191), (646, 2108), (566, 2188), (326, 2269), (427, 119)]",6,69,137
er_posttest_watrin_1053.png,"[(704, 2097), (305, 2179), (784, 2176), (304, 2098), (305, 2253), (464, 111)]",6,53,115
er_posttest_watrin_1057.png,"[(321, 2107), (239, 2185), (639, 2107), (561, 2186), (321, 119), (237, 2267)]",6,68,132
er_posttest_watrin_805.png,"[(340, 2254), (659, 2174), (260, 2096), (340, 2176), (579, 2093), (497, 109)]",6,91,148
er_posttest_watrin_806.png,"[(710, 2183), (230, 2264), (310, 2185), (473, 117), (550, 2104), (151, 2104)]",6,63,117
er_posttest_watrin_807.png,"[(407, 2186), (409, 2264), (807, 2183), (724, 2104), (377, 115), (170, 2104)]",6,72,135
er_posttest_watrin_814.png,"[(629, 2185), (311, 2266), (549, 2105), (230, 2110), (310, 2186), (466, 115)]",6,53,121
er_posttest_watrin_821.png,"[(689, 2233), (208, 2315), (370, 2234), (770, 2152), (289, 2152), (280, 173)]",6,81,173
er_posttest_watrin_826.png,"[(239, 2180), (319, 2098), (638, 2179), (320, 2260), (315, 113), (634, 2097)]",6,60,126
er_posttest_watrin_827.png,"[(272, 2107), (673, 2187), (352, 2267), (593, 2105), (271, 2187), (517, 121)]",6,107,164
er_posttest_watrin_840.png,"[(181, 2183), (340, 2260), (181, 2104), (739, 2179), (657, 2098), (442, 112)]",6,87,153
er_posttest_watrin_843.png,"[(553, 2187), (794, 2107), (152, 2108), (314, 2187), (311, 2264), (428, 119)]",6,67,119
er_posttest_watrin_903.png,"[(459, 2235), (298, 2157), (280, 175), (776, 2155), (217, 2317), (698, 2233)]",6,80,186
er_posttest_watrin_904.png,"[(799, 2098), (238, 2182), (638, 2179), (319, 2101), (319, 2260), (314, 111)]",6,62,129
er_posttest_watrin_905.png,"[(316, 2267), (154, 2109), (317, 2189), (634, 2109), (555, 2186)]",5,61,126
er_posttest_watrin_909.png,"[(301, 2179), (621, 2098), (221, 2098), (541, 2177), (299, 2257), (416, 111)]",6,58,109
er_posttest_watrin_910.png,"[(791, 2179), (712, 2099), (152, 2101), (152, 2180), (364, 112), (394, 2260)]",6,61,124
er_posttest_watrin_912.png,"[(809, 2176), (730, 2098), (411, 2259), (170, 2099), (332, 2179), (379, 110)]",6,75,143
er_posttest_watrin_919.png,"[(320, 2185), (560, 2104), (717, 2182), (475, 115), (237, 2265), (235, 2104)]",6,65,130
er_posttest_watrin_923.png,"[(301, 2264), (297, 2107), (776, 2102), (538, 2182), (453, 115), (400, 115), (199, 2198)]",7,48,106
er_posttest_watrin_926.png,"[(295, 2151), (457, 2307), (693, 2225), (778, 2147), (275, 167), (377, 2228)]",6,79,186
er_posttest_watrin_927.png,"[(403, 2109), (801, 2186), (403, 2267), (321, 2188), (644, 2109), (371, 118)]",6,67,136
er_posttest_watrin_929.png,"[(544, 2189), (626, 2110), (145, 2191), (301, 2267), (145, 2110), (409, 118)]",6,52,116
er_posttest_watrin_930.png,"[(809, 2185), (331, 2187), (169, 2111), (412, 2266), (728, 2107), (379, 117)]",6,72,139
er_posttest_watrin_932.png,"[(418, 2314), (337, 2236), (255, 2157), (736, 2155), (249, 172), (657, 2234)]",6,49,150
er_posttest_watrin_934.png,"[(141, 2110), (383, 2269), (784, 2188), (303, 2188), (622, 2108), (356, 121)]",6,51,111
er_posttest_watrin_943.png,"[(815, 2099), (335, 2261), (335, 2102), (735, 2177), (254, 2182), (329, 115)]",6,79,146
er_posttest_watrin_945.png,"[(179, 2102), (341, 2180), (340, 2258), (659, 2097), (737, 2176), (446, 112)]",6,86,152
er_posttest_watrin_950.png,"[(725, 2104), (326, 2104), (245, 2185), (403, 2264), (723, 2185), (333, 113)]",6,79,130
er_posttest_watrin_952.png,"[(274, 2234), (436, 2312), (754, 2152), (275, 2157), (674, 2233), (255, 173)]",6,57,163
er_posttest_watrin_953.png,"[(418, 2241), (257, 2161), (737, 2162), (575, 2241), (419, 2319), (248, 178)]",6,51,152
er_posttest_watrin_954.png,"[(212, 2107), (209, 2265), (292, 2186), (692, 2189), (531, 2109), (467, 119)]",6,57,97
er_posttest_watrin_956.png,"[(745, 2149), (663, 2229), (345, 2227), (263, 2306), (350, 2152), (256, 167)]",6,57,157
er_pretest_lab_1.png,"[(643, 2146), (321, 2147), (482, 2305), (401, 2224), (533, 110)]",5,157,211
er_pretest_lab_1004.png,"[(415, 2229), (733, 2227), (253, 2147), (731, 2149), (495, 2309), (383, 110)]",6,165,221
er_pretest_lab_1015.png,"[(403, 2102), (482, 2181), (641, 2103), (320, 2260), (641, 2181), (434, 111)]",6,161,206
er_pretest_lab_1017.png,"[(401, 2156), (482, 2235), (803, 2156), (320, 2317), (723, 2235), (478, 115)]",6,155,211
er_pretest_lab_1036.png,"[(477, 2309), (718, 2152), (397, 2229), (319, 2150), (638, 2230), (542, 111)]",6,165,197
er_pretest_lab_1043.png,"[(401, 2308), (886, 2151), (400, 2151), (718, 2230), (241, 2229), (376, 111)]",6,161,207
er_pretest_lab_1047.png,"[(410, 2235), (651, 2155), (491, 2234), (327, 2155), (893, 2234), (249, 2234), (493, 2313), (340, 113)]",8,164,217
er_pretest_lab_1056.png,"[(495, 2230), (253, 2151), (734, 2229), (815, 2150), (489, 111), (332, 2311)]",6,167,219
er_pretest_lab_2.png,"[(248, 2161), (650, 2239), (649, 2161), (248, 2318), (333, 121), (329, 2241)]",6,159,216
er_pretest_lab_802.png,"[(639, 2230), (479, 2230), (400, 2151), (718, 2152), (316, 2309), (484, 110)]",6,161,203
er_pretest_lab_809.png,"[(723, 2150), (803, 2229), (403, 2149), (404, 2307), (325, 2227), (381, 110)]",6,160,205
er_pretest_lab_810.png,"[(500, 2320), (338, 2243), (499, 2162), (739, 2158), (524, 122), (818, 2239)]",6,147,227
er_pretest_lab_813.png,"[(895, 2228), (495, 2229), (334, 2151), (731, 2150), (494, 2305), (335, 111)]",6,163,219
er_pretest_lab_815.png,"[(328, 2180), (409, 2101), (812, 2101), (649, 2179), (489, 2257), (431, 110)]",6,161,215
er_pretest_lab_818.png,"[(413, 2321), (332, 2243), (897, 2241), (331, 2164), (817, 2162), (333, 124)]",6,159,221
er_pretest_lab_819.png,"[(249, 2153), (491, 2231), (811, 2151), (730, 2230), (413, 2311), (482, 113)]",6,159,222
er_pretest_lab_823.png,"[(412, 2228), (250, 2150), (650, 2229), (493, 2306), (731, 2151), (386, 111)]",6,169,219
er_pretest_lab_825.png,"[(332, 2236), (893, 2153), (250, 2317), (332, 2157), (326, 117), (729, 2236)]",6,151,216
er_pretest_lab_829.png,"[(411, 2228), (412, 2149), (490, 2308), (813, 2228), (733, 2150), (377, 110)]",6,161,222
er_pretest_lab_831.png,"[(483, 2308), (404, 2229), (326, 2149), (725, 2150), (549, 112), (725, 2228)]",6,173,212
er_pretest_lab_832.png,"[(802, 2228), (482, 2149), (319, 2305), (481, 2227), (723, 2150), (538, 111)]",6,163,214
er_pretest_lab_833.png,"[(329, 2152), (331, 2231), (332, 111)]",3,159,217
er_pretest_lab_835.png,"[(483, 2151), (884, 2229), (403, 2309), (806, 2151), (483, 2231), (489, 109)]",6,165,211
er_pretest_lab_839.png,"[(646, 2180), (644, 2102), (487, 2258), (428, 111), (487, 2103), (484, 2180)]",6,157,217
er_pretest_lab_845.png,"[(889, 2151), (727, 2230), (326, 2312), (379, 112), (327, 2151), (407, 2228)]",6,160,214
er_pretest_lab_847.png,"[(335, 2230), (338, 2151), (338, 111)]",3,165,224
er_pretest_lab_848.png,"[(409, 2147), (730, 2224), (327, 2227), (335, 107), (410, 2305), (891, 2150)]",6,161,215
er_pretest_lab_849.png,"[(665, 2115), (506, 2275), (664, 2194), (422, 128), (505, 2194), (265, 2119)]",6,153,237
er_pretest_lab_851.png,"[(731, 2237), (411, 2320), (491, 2240), (409, 2161), (813, 2155), (467, 122)]",6,142,214
er_pretest_lab_852.png,"[(413, 2309), (334, 2231), (734, 2230), (254, 2151), (815, 2150), (338, 115)]",6,165,224
er_pretest_lab_854.png,"[(733, 2231), (813, 2152), (333, 2151), (250, 2230), (491, 2308), (542, 112)]",6,166,220
er_pretest_lab_906.png,"[(400, 2227), (801, 2227), (321, 2147), (536, 110), (317, 2308), (722, 2146)]",6,161,206
er_pretest_lab_911.png,"[(727, 2234), (325, 2234), (728, 2153), (329, 2153), (406, 2312), (337, 116)]",6,163,213
er_pretest_lab_914.png,"[(485, 2109), (646, 2189), (325, 2189), (484, 2269), (808, 2109), (428, 119)]",6,157,211
er_pretest_lab_916.png,"[(728, 2230), (407, 2151), (807, 2151), (245, 2233), (485, 2309), (483, 111)]",6,160,214
er_pretest_lab_921.png,"[(485, 2158), (807, 2158), (326, 2235), (724, 2235), (322, 2313), (481, 116)]",6,159,216
er_pretest_lab_924.png,"[(425, 115), (237, 2183), (802, 2107), (239, 2105), (482, 2263), (884, 2183)]",6,155,209
er_pretest_lab_935.png,"[(323, 2150), (484, 2228), (725, 2150), (239, 2306), (806, 2228), (548, 112)]",6,173,213
er_pretest_lab_936.png,"[(641, 2185), (641, 2105), (320, 2104), (482, 2263), (321, 2182), (430, 113)]",6,161,206
er_pretest_lab_937.png,"[(407, 2150), (809, 2151), (243, 2308), (889, 2231), (488, 2228), (489, 110)]",6,169,215
er_pretest_lab_938.png,"[(327, 2239), (332, 121), (249, 2161), (729, 2236), (730, 2161), (487, 2318)]",6,161,215
er_pretest_lab_940.png,"[(403, 2231), (723, 2153), (241, 2155), (484, 2312), (721, 2233), (375, 112)]",6,157,211
er_pretest_lab_941.png,"[(803, 2176), (803, 2099), (323, 2257), (401, 2097), (323, 2175), (431, 109)]",6,160,290
er_pretest_lab_942.png,"[(645, 2155), (644, 2234), (322, 2234), (401, 2313), (375, 116), (483, 2155)]",6,159,214
er_pretest_lab_944.png,"[(887, 2224), (728, 2144), (325, 2303), (243, 2145), (379, 106), (243, 2225)]",6,160,214
er_pretest_lab_947.png,"[(809, 2186), (649, 2105), (489, 2264), (328, 2185), (410, 2107), (433, 113)]",6,161,218
er_pretest_lab_948.png,"[(485, 2308), (647, 2150), (727, 2230), (484, 2229), (379, 109), (485, 2151)]",6,159,208
er_pretest_lab_951.png,"[(327, 2225), (488, 2149), (808, 2227), (646, 2149), (488, 2306), (385, 106)]",6,165,212
er_pretest_lab_955.png,"[(393, 2231), (795, 2153), (475, 2311), (397, 2151), (878, 2233), (482, 110)]",6,161,197
er_pretest_watrin_1001.png,"[(332, 2246), (250, 2326), (331, 2164), (733, 2241), (812, 2164), (325, 123)]",6,149,222
er_pretest_watrin_1003.png,"[(737, 2115), (338, 2197), (416, 2117), (500, 2275), (416, 128), (658, 2192)]",6,144,231
er_pretest_watrin_1006.png,"[(641, 2101), (481, 2179), (721, 2179), (481, 2259), (239, 2101), (429, 110)]",6,159,208
er_pretest_watrin_1007.png,"[(406, 2318), (488, 2237), (809, 2156), (241, 2161), (728, 2236), (469, 119)]",6,143,217
er_pretest_watrin_1008.png,"[(340, 2243), (742, 2237), (503, 2319), (742, 2159), (340, 2165), (325, 125)]",6,153,232
er_pretest_watrin_1009.png,"[(741, 2108), (501, 2269), (338, 2191), (259, 2113), (821, 2185), (434, 122)]",6,163,228
er_pretest_watrin_1011.png,"[(729, 2241), (809, 2161), (407, 2162), (488, 2320), (478, 123), (488, 2243)]",6,155,219
er_pretest_watrin_1012.png,"[(733, 2242), (495, 2324), (412, 2167), (814, 2164), (495, 2246), (467, 125)]",6,145,224
er_pretest_watrin_1018.png,"[(325, 2158), (887, 2158), (485, 2317), (326, 2240), (884, 2237), (329, 119)]",6,157,212
er_pretest_watrin_1021.png,"[(715, 2227), (394, 2225), (796, 2149), (393, 2305), (394, 2145), (481, 105)]",6,157,201
er_pretest_watrin_1026.png,"[(499, 2320), (899, 2237), (421, 2240), (739, 2159), (416, 2162), (370, 123)]",6,151,226
er_pretest_watrin_1029.png,"[(254, 2241), (417, 2159), (737, 2161), (335, 2319), (901, 2239), (542, 122)]",6,165,227
er_pretest_watrin_1030.png,"[(250, 2236), (813, 2155), (250, 2313), (250, 2156), (733, 2233), (370, 118)]",6,151,219
er_pretest_watrin_1031.png,"[(887, 2234), (325, 2236), (244, 2314), (807, 2156), (325, 2159), (535, 116)]",6,157,215
er_pretest_watrin_1032.png,"[(495, 2312), (332, 2152), (897, 2152), (250, 2231), (814, 2233), (544, 116)]",6,167,221
er_pretest_watrin_1033.png,"[(334, 2319), (657, 2239), (736, 2159), (496, 2159), (413, 2242), (385, 123)]",6,167,220
er_pretest_watrin_1034.png,"[(817, 2155), (734, 2233), (494, 2312), (253, 2152), (416, 2233), (491, 116)]",6,167,219
er_pretest_watrin_1037.png,"[(489, 2185), (727, 2185), (489, 2265), (325, 2108), (649, 2104), (418, 117)]",6,147,212
er_pretest_watrin_1039.png,"[(731, 2230), (493, 2233), (332, 2314), (812, 2151), (477, 113), (413, 2155)]",6,153,219
er_pretest_watrin_1040.png,"[(812, 2237), (410, 2164), (813, 2159), (412, 2242), (494, 2321), (471, 122)]",6,149,218
er_pretest_watrin_1041.png,"[(493, 2311), (411, 2231), (249, 2152), (893, 2149), (651, 2231), (371, 115)]",6,155,218
er_pretest_watrin_1042.png,"[(331, 2313), (331, 2237), (249, 2158), (733, 2157), (811, 2234), (337, 116)]",6,165,219
er_pretest_watrin_1048.png,"[(735, 2192), (413, 2116), (495, 2275), (494, 2194), (657, 2113), (413, 125), (1345, 100), (1477, 112)]",8,144,225
er_pretest_watrin_1049.png,"[(405, 2158), (487, 2236), (808, 2157), (245, 2315), (728, 2235), (482, 118)]",6,160,227
er_pretest_watrin_1051.png,"[(404, 2230), (321, 2152), (401, 2311), (807, 2152), (887, 2233), (484, 113)]",6,162,212
er_pretest_watrin_1052.png,"[(338, 2237), (501, 2315), (417, 2157), (741, 2235), (817, 2152), (338, 119)]",6,169,224
er_pretest_watrin_1053.png,"[(255, 2248), (898, 2239), (499, 2326), (333, 2169), (520, 129), (739, 2164)]",6,142,225
er_pretest_watrin_1057.png,"[(487, 2150), (487, 2307), (485, 2228), (886, 2151), (724, 2228), (545, 111)]",6,171,213
er_pretest_watrin_805.png,"[(736, 2229), (337, 2230), (417, 2311), (334, 112), (735, 2149), (416, 2155)]",6,161,224
er_pretest_watrin_806.png,"[(646, 2101), (404, 2099), (406, 2259), (429, 110), (323, 2181), (647, 2177)]",6,159,213
er_pretest_watrin_807.png,"[(483, 2147), (885, 2149), (483, 2307), (641, 2228), (320, 2228), (380, 106)]",6,161,208
er_pretest_watrin_814.png,"[(499, 2318), (255, 2164), (737, 2161), (418, 2240), (365, 124)]",5,147,225
er_pretest_watrin_821.png,"[(250, 2168), (893, 2161), (733, 2241), (331, 2247), (317, 125), (415, 2324)]",6,143,221
er_pretest_watrin_826.png,"[(421, 2162), (339, 2320), (821, 2159), (500, 2241), (739, 2241), (488, 123)]",6,167,223
er_pretest_watrin_827.png,"[(476, 2307), (395, 2228), (477, 2149), (797, 2229), (635, 2147), (539, 109)]",6,161,206
er_pretest_watrin_840.png,"[(806, 2227), (243, 2227), (485, 2305), (725, 2147), (325, 2149), (532, 109)]",6,153,207
er_pretest_watrin_843.png,"[(323, 2311), (806, 2233), (405, 2233), (323, 2153), (727, 2155), (333, 112)]",6,161,215
er_pretest_watrin_903.png,"[(740, 2239), (503, 2320), (501, 2164), (421, 2242), (821, 2161), (321, 127)]",6,147,228
er_pretest_watrin_904.png,"[(823, 2163), (256, 2321), (736, 2241), (418, 2162), (423, 2245), (483, 123)]",6,163,228
er_pretest_watrin_909.png,"[(328, 2231), (245, 2153), (809, 2151), (407, 2312), (729, 2229), (327, 115)]",6,155,215
er_pretest_watrin_910.png,"[(251, 2243), (655, 2240), (496, 2321), (735, 2163), (536, 121), (335, 2165)]",6,157,221
er_pretest_watrin_912.png,"[(722, 2102), (640, 2181), (481, 2259), (237, 2099), (429, 110), (320, 2177)]",6,160,208
er_pretest_watrin_919.png,"[(662, 2240), (422, 2242), (340, 2164), (503, 2321), (741, 2161), (526, 124)]",6,149,233
er_pretest_watrin_923.png,"[(375, 119), (484, 2110), (805, 2105), (422, 119), (727, 2187), (521, 118), (321, 2185), (467, 124)]",8,151,208
er_pretest_watrin_926.png,"[(655, 2104), (413, 2105), (813, 2181), (494, 2261), (334, 2185), (422, 115)]",6,153,223
er_pretest_watrin_927.png,"[(817, 2239), (737, 2161), (497, 2320), (495, 2165), (334, 2245), (365, 125)]",6,149,229
er_pretest_watrin_929.png,"[(328, 2158), (329, 2239), (811, 2158), (491, 2315), (729, 2240), (335, 118)]",6,163,218
er_pretest_watrin_930.png,"[(333, 2203), (734, 2116), (334, 2282), (411, 2120), (653, 2197), (410, 131)]",6,141,226
er_pretest_watrin_932.png,"[(238, 2153), (802, 2153), (400, 2309), (319, 2233), (373, 113), (884, 2233)]",6,153,211
er_pretest_watrin_934.png,"[(727, 2151), (323, 2229), (539, 111), (807, 2233), (241, 2308), (405, 2149)]",6,163,211
er_pretest_watrin_943.png,"[(743, 2191), (425, 2111), (907, 2108), (503, 2272), (346, 2197), (434, 123)]",6,163,234
er_pretest_watrin_945.png,"[(884, 2230), (484, 2228), (403, 2308), (322, 2152), (722, 2151), (379, 111)]",6,161,209
er_pretest_watrin_950.png,"[(254, 2247), (497, 2324), (657, 2164), (413, 2167), (735, 2241), (362, 127)]",6,145,224
er_pretest_watrin_952.png,"[(422, 2242), (502, 2321), (904, 2241), (502, 2162), (741, 2163), (542, 124)]",6,167,232
er_pretest_watrin_953.png,"[(731, 2231), (328, 2153), (411, 2233), (895, 2153), (338, 113), (250, 2312)]",6,165,218
er_pretest_watrin_954.png,"[(727, 2151), (727, 2231), (245, 2151), (485, 2312), (407, 2229), (380, 113)]",6,163,215
er_pretest_watrin_956.png,"[(740, 2159), (418, 2240), (901, 2237), (499, 2161), (383, 122), (502, 2319)]",6,167,225
normalization_posttest_lab_1001.png,"[(361, 200), (352, 2092), (646, 2019), (283, 2164), (352, 2020), (574, 2092), (1235, 199)]",7,125,185
normalization_posttest_lab_1003.png,"[(590, 2019), (736, 2091), (297, 2019), (225, 2163), (313, 200), (299, 2093)]",6,75,129
normalization_posttest_lab_1006.png,"[(647, 2081), (429, 2083), (281, 2153), (207, 2227), (295, 202), (573, 2152)]",6,95,183
normalization_posttest_lab_1007.png,"[(322, 2018), (397, 2163), (613, 2090), (687, 2018), (322, 2091), (496, 201)]",6,169,223
normalization_posttest_lab_1008.png,"[(326, 2164), (473, 2020), (619, 2091), (399, 2092), (545, 200), (694, 2019)]",6,171,229
normalization_posttest_lab_1009.png,"[(301, 2023), (518, 2093), (664, 2020), (155, 2170), (153, 2096), (358, 202)]",6,64,131
normalization_posttest_lab_1011.png,"[(517, 2091), (225, 2020), (401, 201), (589, 2019), (225, 2092), (299, 2164)]",6,71,122
normalization_posttest_lab_1012.png,"[(625, 2151), (334, 2080), (269, 200), (625, 2078), (187, 2155), (187, 2227)]",6,67,158
normalization_posttest_lab_1018.png,"[(398, 2091), (427, 200), (326, 2162), (617, 2015), (179, 2020), (692, 2091)]",6,99,152
normalization_posttest_lab_1021.png,"[(308, 2092), (525, 2092), (381, 2020), (601, 2019), (454, 200), (235, 2164)]",6,81,136
normalization_posttest_lab_1026.png,"[(389, 2091), (604, 2090), (389, 2018), (681, 2017), (316, 2164), (394, 200)]",6,155,215
normalization_posttest_lab_1029.png,"[(226, 2092), (299, 2164), (665, 2091), (592, 2018), (401, 200), (227, 2019)]",6,73,126
normalization_posttest_lab_1030.png,"[(532, 2081), (388, 2227), (167, 2156), (255, 202), (605, 2156), (389, 2083)]",6,55,142
normalization_posttest_lab_1031.png,"[(201, 2091), (566, 2090), (422, 2164), (716, 2017), (349, 2019), (416, 201)]",6,123,177
normalization_posttest_lab_1032.png,"[(245, 2167), (319, 2093), (452, 200), (610, 2018), (173, 2023), (757, 2090)]",6,75,143
normalization_posttest_lab_1033.png,"[(172, 2169), (685, 2020), (317, 2024), (536, 2095), (369, 203), (172, 2098)]",6,75,144
normalization_posttest_lab_1034.png,"[(219, 2151), (585, 2150), (292, 2224), (367, 2079), (659, 2077), (302, 201)]",6,101,193
normalization_posttest_lab_1037.png,"[(357, 2092), (649, 2091), (356, 2019), (647, 2018), (363, 202), (284, 2163)]",6,125,184
normalization_posttest_lab_1039.png,"[(709, 2081), (268, 2153), (707, 2152), (344, 2225), (365, 199), (417, 2081)]",6,163,243
normalization_posttest_lab_1040.png,"[(182, 2078), (254, 2151), (620, 2077), (269, 200), (766, 2151), (256, 2223)]",6,67,158
normalization_posttest_lab_1041.png,"[(658, 2087), (292, 2017), (302, 199), (291, 2090), (217, 2162), (585, 2014)]",6,63,121
normalization_posttest_lab_1042.png,"[(364, 2019), (583, 2018), (218, 2164), (290, 2092), (435, 202), (509, 2092)]",6,63,121
normalization_posttest_lab_1048.png,"[(517, 2092), (736, 2019), (297, 2093), (225, 2021), (302, 202), (223, 2167)]",6,66,129
normalization_posttest_lab_1049.png,"[(590, 2091), (370, 2018), (445, 199), (591, 2018), (296, 2091), (151, 2165)]",6,69,126
normalization_posttest_lab_1051.png,"[(146, 2167), (509, 2093), (293, 2093), (355, 201), (584, 2020), (221, 2023)]",6,63,121
normalization_posttest_lab_1052.png,"[(381, 2165), (673, 2020), (368, 203), (525, 2092), (161, 2095), (233, 2020)]",6,73,133
normalization_posttest_lab_1053.png,"[(350, 2095), (424, 2021), (277, 2168), (715, 2095), (715, 2021), (502, 203)]",6,125,180
normalization_posttest_lab_1057.png,"[(375, 2089), (230, 2017), (593, 2017), (668, 2089), (407, 199), (376, 2163)]",6,77,127
normalization_posttest_lab_805.png,"[(553, 2147), (185, 2150), (698, 2074), (269, 199), (407, 2075), (260, 2222)]",6,69,162
normalization_posttest_lab_806.png,"[(569, 2091), (206, 2163), (719, 2018), (353, 2018), (352, 2091), (418, 202)]",6,123,178
normalization_posttest_lab_807.png,"[(659, 2018), (219, 2165), (367, 2092), (508, 2092), (292, 2020), (436, 200)]",6,61,120
normalization_posttest_lab_814.png,"[(386, 2079), (314, 2224), (241, 2152), (676, 2078), (675, 2149), (319, 202)]",6,114,214
normalization_posttest_lab_821.png,"[(373, 2092), (667, 2019), (152, 2020), (298, 2164), (665, 2092), (405, 202)]",6,75,124
normalization_posttest_lab_826.png,"[(622, 2093), (843, 2020), (331, 2092), (405, 2021), (257, 2165), (469, 202)]",6,175,234
normalization_posttest_lab_827.png,"[(331, 200), (537, 2018), (244, 2162), (245, 2091), (536, 2091), (320, 2019)]",6,93,147
normalization_posttest_lab_840.png,"[(283, 2019), (647, 2017), (356, 2091), (453, 201), (719, 2087), (355, 2163)]",6,125,182
normalization_posttest_lab_843.png,"[(224, 2019), (296, 2091), (455, 200), (590, 2019), (223, 2163), (514, 2092)]",6,81,123
normalization_posttest_lab_903.png,"[(590, 2096), (371, 2098), (737, 2023), (429, 206), (297, 2173), (370, 2026)]",6,137,201
normalization_posttest_lab_904.png,"[(272, 2092), (635, 2019), (710, 2091), (343, 2164), (445, 200), (272, 2021)]",6,115,174
normalization_posttest_lab_905.png,"[(725, 2019), (289, 2165), (418, 201), (433, 2091), (359, 2020), (579, 2095), (1208, 164), (1317, 190)]",8,125,194
normalization_posttest_lab_909.png,"[(311, 2165), (311, 2092), (603, 2091), (458, 2019), (676, 2019), (525, 202)]",6,149,209
normalization_posttest_lab_910.png,"[(501, 2078), (645, 2151), (280, 2151), (719, 2077), (501, 2222), (369, 199)]",6,167,258
normalization_posttest_lab_912.png,"[(745, 2020), (158, 2096), (379, 2020), (669, 2093), (232, 2167), (365, 203)]",6,73,129
normalization_posttest_lab_919.png,"[(357, 201), (338, 2225), (704, 2080), (704, 2155), (411, 2080), (266, 2155)]",6,157,241
normalization_posttest_lab_923.png,"[(525, 2091), (160, 2164), (673, 2015), (381, 199), (308, 2020), (383, 2090)]",6,87,132
normalization_posttest_lab_926.png,"[(242, 2155), (464, 2081), (243, 2229), (682, 2081), (609, 2155), (328, 201)]",6,127,218
normalization_posttest_lab_927.png,"[(232, 2020), (232, 2093), (596, 2020), (304, 2164), (521, 2093), (413, 203)]",6,83,133
normalization_posttest_lab_929.png,"[(603, 2090), (400, 199), (676, 2018), (383, 2017), (311, 2161), (458, 2087)]",6,163,208
normalization_posttest_lab_930.png,"[(469, 2080), (320, 2152), (328, 202), (832, 2150), (322, 2227), (614, 2081)]",6,128,222
normalization_posttest_lab_932.png,"[(235, 2174), (161, 2103), (746, 2099), (161, 2030), (673, 2029), (451, 209)]",6,75,138
normalization_posttest_lab_934.png,"[(381, 2164), (308, 2091), (307, 2020), (482, 201), (820, 2019), (821, 2091)]",6,153,210
normalization_posttest_lab_943.png,"[(322, 202), (317, 2080), (682, 2151), (754, 2079), (464, 2225), (392, 2153)]",6,123,219
normalization_posttest_lab_945.png,"[(669, 2020), (381, 202), (303, 2023), (669, 2093), (304, 2167), (231, 2096)]",6,143,205
normalization_posttest_lab_950.png,"[(427, 2018), (571, 2090), (646, 2018), (280, 2163), (353, 2091), (499, 201)]",6,127,182
normalization_posttest_lab_952.png,"[(502, 2091), (575, 2018), (209, 2019), (385, 200), (208, 2092), (284, 2164)]",6,55,110
normalization_posttest_lab_953.png,"[(705, 2078), (266, 2223), (413, 2078), (557, 2150), (191, 2150), (284, 200)]",6,83,170
normalization_posttest_lab_954.png,"[(526, 2090), (237, 2091), (237, 2163), (316, 201), (310, 2020), (601, 2017)]",6,79,139
normalization_posttest_lab_956.png,"[(339, 2090), (632, 2017), (350, 199), (557, 2087), (266, 2162), (338, 2018)]",6,115,165
normalization_posttest_watrin_1004.png,"[(219, 2167), (292, 2021), (509, 2095), (357, 202), (145, 2096), (657, 2021)]",6,63,121
normalization_posttest_watrin_1015.png,"[(215, 2165), (580, 2020), (214, 2092), (363, 2021), (506, 2090), (436, 201)]",6,61,118
normalization_posttest_watrin_1017.png,"[(267, 2167), (339, 2023), (338, 2095), (703, 2095), (632, 2024), (351, 206)]",6,113,166
normalization_posttest_watrin_1036.png,"[(639, 2021), (199, 2023), (124, 2167), (125, 2096), (490, 2093), (338, 201)]",6,47,100
normalization_posttest_watrin_1043.png,"[(272, 2020), (197, 2165), (197, 2093), (562, 2023), (295, 203), (489, 2095)]",6,56,99
normalization_posttest_watrin_1047.png,"[(731, 2021), (219, 2095), (291, 2168), (145, 2023), (393, 201), (583, 2095)]",6,65,121
normalization_posttest_watrin_1056.png,"[(267, 2165), (340, 2020), (560, 2091), (633, 2019), (341, 2093), (340, 200)]",6,103,168
normalization_posttest_watrin_802.png,"[(272, 2227), (196, 2155), (562, 2153), (285, 202), (419, 2083)]",5,83,172
normalization_posttest_watrin_809.png,"[(598, 2019), (308, 2093), (449, 202), (235, 2167), (381, 2019), (601, 2092)]",6,75,135
normalization_posttest_watrin_810.png,"[(524, 2092), (598, 2020), (235, 2019), (233, 2164), (233, 2091), (457, 200)]",6,83,132
normalization_posttest_watrin_813.png,"[(313, 2020), (530, 2093), (164, 2093), (677, 2021), (381, 202), (163, 2167)]",6,87,140
normalization_posttest_watrin_815.png,"[(220, 2229), (442, 2083), (220, 2157), (807, 2084), (310, 206), (733, 2155)]",6,109,196
normalization_posttest_watrin_818.png,"[(586, 2093), (368, 2021), (513, 2021), (367, 2095), (295, 2168), (398, 205)]",6,67,119
normalization_posttest_watrin_819.png,"[(451, 2224), (377, 2080), (669, 2152), (230, 2150), (323, 201), (597, 2080)]",6,123,206
normalization_posttest_watrin_823.png,"[(368, 2079), (295, 2223), (219, 2152), (806, 2077), (583, 2151), (299, 201)]",6,101,196
normalization_posttest_watrin_825.png,"[(239, 2095), (604, 2020), (677, 2095), (412, 202), (385, 2021)]",5,83,140
normalization_posttest_watrin_829.png,"[(465, 202), (538, 2019), (759, 2091), (245, 2163), (322, 2090), (391, 2020)]",6,89,149
normalization_posttest_watrin_832.png,"[(193, 2167), (341, 2021), (706, 2021), (557, 2093), (413, 2092), (404, 202)]",6,109,164
normalization_posttest_watrin_833.png,"[(611, 2093), (476, 201), (611, 2019), (395, 2019), (247, 2164), (245, 2092)]",6,101,148
normalization_posttest_watrin_835.png,"[(385, 203), (248, 2093), (613, 2021), (686, 2093), (320, 2020), (393, 2165)]",6,95,146
normalization_posttest_watrin_839.png,"[(333, 2093), (333, 2020), (551, 2092), (551, 2021), (261, 2165), (346, 201)]",6,107,163
normalization_posttest_watrin_845.png,"[(669, 2079), (229, 2155), (742, 2151), (449, 2225), (379, 2080), (315, 201)]",6,113,203
normalization_posttest_watrin_847.png,"[(319, 202), (310, 2021), (675, 2092), (527, 2021), (310, 2167), (235, 2095)]",6,81,134
normalization_posttest_watrin_848.png,"[(308, 2167), (373, 203), (674, 2021), (526, 2093), (161, 2095), (304, 2023)]",6,81,138
normalization_posttest_watrin_849.png,"[(539, 2091), (614, 2018), (321, 2163), (248, 2090), (249, 2018), (435, 200)]",6,105,150
normalization_posttest_watrin_851.png,"[(188, 2101), (700, 2025), (391, 209), (334, 2027), (335, 2171), (699, 2096)]",6,99,163
normalization_posttest_watrin_852.png,"[(313, 2164), (605, 2020), (239, 2020), (417, 201), (677, 2091), (241, 2092)]",6,89,142
normalization_posttest_watrin_854.png,"[(608, 2018), (533, 2091), (315, 2091), (389, 2018), (243, 2164), (464, 200)]",6,89,144
normalization_posttest_watrin_906.png,"[(232, 2096), (453, 203), (380, 2023), (524, 2096), (233, 2170), (597, 2021)]",6,79,130
normalization_posttest_watrin_911.png,"[(539, 2081), (172, 2155), (538, 2153), (320, 2083), (245, 2225), (262, 202)]",6,59,147
normalization_posttest_watrin_914.png,"[(646, 2084), (281, 2228), (208, 2156), (298, 206), (794, 2156), (355, 2083)]",6,97,181
normalization_posttest_watrin_916.png,"[(326, 2153), (326, 2083), (617, 2083), (253, 2228), (263, 203), (544, 2153)]",6,61,152
normalization_posttest_watrin_921.png,"[(665, 2021), (152, 2095), (368, 202), (297, 2021), (153, 2165), (517, 2097)]",6,77,124
normalization_posttest_watrin_924.png,"[(387, 205), (361, 2026), (141, 2169), (655, 2096), (214, 2098), (507, 2024)]",6,57,111
normalization_posttest_watrin_935.png,"[(287, 2095), (505, 2093), (580, 2021), (299, 203), (215, 2167), (286, 2021)]",6,59,117
normalization_posttest_watrin_936.png,"[(439, 200), (368, 2019), (221, 2164), (586, 2020), (292, 2091), (583, 2091)]",6,63,119
normalization_posttest_watrin_937.png,"[(293, 2025), (362, 206), (147, 2171), (146, 2097), (659, 2026), (511, 2098)]",6,69,130
normalization_posttest_watrin_938.png,"[(547, 2155), (253, 2228), (693, 2083), (269, 202), (182, 2157), (403, 2084)]",6,69,157
normalization_posttest_watrin_940.png,"[(223, 2099), (589, 2026), (224, 2029), (405, 207), (297, 2174), (736, 2099)]",6,73,123
normalization_posttest_watrin_941.png,"[(597, 2023), (314, 203), (521, 2093), (304, 2024), (304, 2095), (230, 2169)]",6,75,133
normalization_posttest_watrin_942.png,"[(441, 2080), (293, 2151), (219, 2224), (657, 2080), (313, 199), (647, 2151)]",6,108,192
normalization_posttest_watrin_944.png,"[(748, 2080), (527, 2153), (160, 2155), (308, 2083), (247, 201), (383, 2227)]",6,45,136
normalization_posttest_watrin_947.png,"[(292, 2093), (292, 2020), (308, 203), (218, 2165), (586, 2020), (659, 2095)]",6,67,119
normalization_posttest_watrin_948.png,"[(299, 2095), (517, 2095), (664, 2023), (452, 203), (225, 2167), (373, 2024)]",6,79,127
normalization_posttest_watrin_951.png,"[(542, 2090), (691, 2017), (250, 2162), (398, 2017), (326, 2090), (476, 197)]",6,101,153
normalization_posttest_watrin_955.png,"[(242, 2093), (314, 2021), (531, 2093), (607, 2020), (241, 2164), (322, 203)]",6,87,144
normalization_posttest_watrin_957.png,"[(777, 2097), (411, 2098), (338, 2170), (265, 2098), (777, 2023), (263, 2024), (442, 205)]",7,113,163
normalization_pretest_lab_1001.png,"[(667, 201), (561, 2059), (927, 2060), (853, 2131), (559, 2204), (561, 2131)]",6,N/A,N/A
normalization_pretest_lab_1003.png,"[(549, 2139), (476, 2067), (1064, 2139), (843, 2067), (575, 200), (622, 2211)]",6,N/A,N/A
normalization_pretest_lab_1006.png,"[(539, 2210), (466, 2066), (687, 2140), (907, 2141), (835, 2066), (577, 199)]",6,N/A,N/A
normalization_pretest_lab_1007.png,"[(659, 200), (844, 2132), (919, 2060), (553, 2204), (551, 2132), (703, 2059)]",6,N/A,N/A
normalization_pretest_lab_1008.png,"[(839, 2068), (544, 2140), (470, 2211), (911, 2141), (709, 201), (471, 2067)]",6,N/A,N/A
normalization_pretest_lab_1009.png,"[(915, 2067), (622, 2066), (695, 2211), (547, 2138), (626, 200), (988, 2140)]",6,N/A,N/A
normalization_pretest_lab_1011.png,"[(849, 2067), (629, 2067), (628, 2139), (556, 2215), (578, 201), (848, 2137)]",6,N/A,N/A
normalization_pretest_lab_1012.png,"[(917, 2068), (477, 2143), (621, 203), (549, 2069), (843, 2140), (697, 2216)]",6,N/A,N/A
normalization_pretest_lab_1018.png,"[(849, 2131), (705, 2205), (923, 2057), (557, 2060), (483, 2134), (661, 202)]",6,N/A,N/A
normalization_pretest_lab_1021.png,"[(549, 2132), (698, 2204), (549, 2060), (1064, 2132), (916, 2060), (659, 202)]",6,N/A,N/A
normalization_pretest_lab_1026.png,"[(994, 2139), (481, 2213), (628, 2141), (848, 2068), (481, 2071), (577, 203)]",6,N/A,N/A
normalization_pretest_lab_1029.png,"[(659, 200), (845, 2128), (627, 2129), (919, 2056), (700, 2198), (553, 2056)]",6,N/A,N/A
normalization_pretest_lab_1030.png,"[(923, 2068), (556, 2069), (704, 2213), (849, 2141), (622, 205), (484, 2141)]",6,N/A,N/A
normalization_pretest_lab_1031.png,"[(850, 2067), (754, 202), (923, 2140), (632, 2068), (632, 2213), (631, 2140)]",6,N/A,N/A
normalization_pretest_lab_1032.png,"[(477, 2137), (698, 2209), (551, 2066), (991, 2137), (1066, 2063), (748, 201)]",6,N/A,N/A
normalization_pretest_lab_1033.png,"[(925, 2066), (705, 2212), (557, 2067), (853, 2139), (484, 2141), (627, 201)]",6,N/A,N/A
normalization_pretest_lab_1034.png,"[(554, 2139), (995, 2066), (628, 2211), (629, 2067), (995, 2138), (709, 202)]",6,N/A,N/A
normalization_pretest_lab_1037.png,"[(925, 2066), (997, 2138), (482, 2066), (580, 200), (704, 2140), (632, 2212)]",6,N/A,N/A
normalization_pretest_lab_1039.png,"[(697, 2203), (916, 2059), (550, 2059), (550, 2131), (991, 2131), (656, 202)]",6,N/A,N/A
normalization_pretest_lab_1040.png,"[(921, 2139), (628, 2139), (482, 2066), (1067, 2067), (554, 2211), (710, 201)]",6,N/A,N/A
normalization_pretest_lab_1041.png,"[(631, 2211), (632, 2066), (482, 2138), (995, 2137), (851, 2065), (757, 201)]",6,N/A,N/A
normalization_pretest_lab_1042.png,"[(563, 2143), (929, 2067), (857, 2140), (711, 2215), (752, 202), (637, 2071)]",6,N/A,N/A
normalization_pretest_lab_1048.png,"[(923, 2068), (632, 2143), (557, 2071), (997, 2141), (483, 2216), (751, 206)]",6,N/A,N/A
normalization_pretest_lab_1049.png,"[(844, 2137), (626, 2210), (700, 2137), (553, 2065), (1067, 2065), (752, 199)]",6,N/A,N/A
normalization_pretest_lab_1051.png,"[(919, 2056), (551, 2201), (661, 202), (626, 2056), (477, 2129), (1066, 2128)]",6,N/A,N/A
normalization_pretest_lab_1052.png,"[(555, 2150), (995, 2074), (555, 2078), (482, 2222), (921, 2147), (747, 212)]",6,N/A,N/A
normalization_pretest_lab_1053.png,"[(627, 2211), (478, 2139), (621, 202), (478, 2068), (1066, 2065), (1065, 2139)]",6,N/A,N/A
normalization_pretest_lab_1057.png,"[(847, 2129), (921, 2056), (628, 2057), (701, 2203), (659, 201), (553, 2131)]",6,N/A,N/A
normalization_pretest_lab_805.png,"[(551, 2139), (844, 2066), (698, 2211), (749, 200), (625, 2066), (991, 2138)]",6,N/A,N/A
normalization_pretest_lab_806.png,"[(920, 2067), (700, 2212), (705, 202), (478, 2068), (1067, 2139), (627, 2140)]",6,N/A,N/A
normalization_pretest_lab_807.png,"[(481, 2073), (920, 2143), (626, 2216), (920, 2071), (699, 206), (478, 2141)]",6,N/A,N/A
normalization_pretest_lab_814.png,"[(920, 2134), (920, 2062), (626, 196), (703, 2133), (555, 2062), (627, 2206)]",6,N/A,N/A
normalization_pretest_lab_821.png,"[(554, 2140), (481, 2213), (845, 2139), (631, 2067), (706, 203), (845, 2067)]",6,N/A,N/A
normalization_pretest_lab_826.png,"[(544, 2060), (655, 201), (911, 2132), (544, 2133), (837, 2059), (619, 2205)]",6,N/A,N/A
normalization_pretest_lab_827.png,"[(988, 2143), (476, 2072), (915, 2069), (619, 205), (697, 2143), (549, 2217)]",6,N/A,N/A
normalization_pretest_lab_840.png,"[(554, 2217), (627, 2072), (919, 2143), (845, 2071), (742, 206), (700, 2145)]",6,N/A,N/A
normalization_pretest_lab_843.png,"[(484, 2146), (1071, 2069), (574, 208), (484, 2074), (707, 2217), (1073, 2140)]",6,N/A,N/A
normalization_pretest_lab_903.png,"[(483, 2073), (557, 2217), (848, 2071), (1072, 2144), (633, 2145), (579, 207)]",6,N/A,N/A
normalization_pretest_lab_904.png,"[(841, 2066), (475, 2066), (547, 2209), (574, 201), (620, 2137), (1061, 2134)]",6,N/A,N/A
normalization_pretest_lab_905.png,"[(634, 2203), (485, 2131), (923, 2056), (664, 202), (561, 2061), (923, 2128), (1585, 209)]",7,N/A,N/A
normalization_pretest_lab_909.png,"[(550, 2054), (477, 2127), (550, 2198), (919, 2054), (663, 199), (916, 2128)]",6,N/A,N/A
normalization_pretest_lab_910.png,"[(920, 2143), (553, 2217), (628, 2143), (479, 2069), (917, 2071), (704, 206)]",6,N/A,N/A
normalization_pretest_lab_912.png,"[(637, 2067), (1004, 2065), (488, 2139), (1077, 2138), (711, 202), (563, 2211)]",6,N/A,N/A
normalization_pretest_lab_919.png,"[(1065, 2068), (700, 2212), (577, 203), (555, 2141), (919, 2140), (478, 2067)]",6,N/A,N/A
normalization_pretest_lab_923.png,"[(543, 2138), (752, 201), (910, 2139), (983, 2066), (616, 2210), (467, 2065)]",6,N/A,N/A
normalization_pretest_lab_926.png,"[(1066, 2128), (919, 2056), (478, 2201), (663, 200), (553, 2057), (628, 2129)]",6,N/A,N/A
normalization_pretest_lab_927.png,"[(479, 2069), (847, 2141), (627, 2143), (553, 2215), (707, 202), (919, 2067)]",6,N/A,N/A
normalization_pretest_lab_929.png,"[(622, 2217), (548, 2072), (694, 2144), (841, 2144), (917, 2071), (697, 206)]",6,N/A,N/A
normalization_pretest_lab_930.png,"[(848, 2074), (481, 2074), (581, 209), (921, 2147), (476, 2217), (628, 2146)]",6,N/A,N/A
normalization_pretest_lab_932.png,"[(992, 2137), (1066, 2065), (477, 2212), (477, 2066), (748, 199), (550, 2139)]",6,N/A,N/A
normalization_pretest_lab_934.png,"[(923, 2066), (998, 2138), (559, 2067), (706, 2139), (626, 201), (485, 2212)]",6,N/A,N/A
normalization_pretest_lab_943.png,"[(919, 2137), (553, 2139), (701, 2065), (621, 2211), (917, 2066), (707, 199)]",6,N/A,N/A
normalization_pretest_lab_945.png,"[(622, 2210), (842, 2137), (549, 2138), (476, 2066), (916, 2065), (623, 199)]",6,N/A,N/A
normalization_pretest_lab_950.png,"[(551, 2067), (752, 200), (699, 2211), (1066, 2138), (625, 2140), (992, 2066)]",6,N/A,N/A
normalization_pretest_lab_952.png,"[(921, 2068), (479, 2069), (628, 2141), (701, 2213), (1069, 2140), (573, 203)]",6,N/A,N/A
normalization_pretest_lab_953.png,"[(706, 2141), (999, 2139), (923, 2067), (623, 203), (559, 2068), (709, 2213)]",6,N/A,N/A
normalization_pretest_lab_954.png,"[(917, 2141), (478, 2069), (478, 2213), (700, 2141), (703, 205), (845, 2068)]",6,N/A,N/A
normalization_pretest_lab_956.png,"[(465, 2067), (1053, 2067), (464, 2212), (614, 2139), (977, 2139), (692, 203)]",6,N/A,N/A
normalization_pretest_watrin_1004.png,"[(477, 2210), (477, 2063), (698, 2137), (843, 2137), (844, 2063), (577, 196)]",6,N/A,N/A
normalization_pretest_watrin_1015.png,"[(631, 2223), (851, 2150), (619, 212), (484, 2080), (926, 2077), (632, 2150)]",6,N/A,N/A
normalization_pretest_watrin_1017.png,"[(481, 2125), (628, 2198), (628, 2053), (664, 195), (1069, 2125), (922, 2053)]",6,N/A,N/A
normalization_pretest_watrin_1036.png,"[(993, 2137), (551, 2207), (847, 2065), (699, 2135), (477, 2065), (712, 196)]",6,N/A,N/A
normalization_pretest_watrin_1043.png,"[(988, 2067), (472, 2065), (754, 199), (619, 2212), (913, 2139), (543, 2140)]",6,N/A,N/A
normalization_pretest_watrin_1047.png,"[(631, 2209), (849, 2066), (757, 199), (484, 2065), (923, 2138), (629, 2138)]",6,N/A,N/A
normalization_pretest_watrin_1056.png,"[(632, 2216), (997, 2143), (556, 2071), (922, 2069), (485, 2144), (623, 206)]",6,N/A,N/A
normalization_pretest_watrin_802.png,"[(479, 2069), (1067, 2066), (575, 200), (628, 2143)]",4,N/A,N/A
normalization_pretest_watrin_809.png,"[(1067, 2066), (479, 2066), (847, 2138), (701, 2137), (479, 2209), (579, 200)]",6,N/A,N/A
normalization_pretest_watrin_810.png,"[(917, 2056), (550, 2129), (550, 2057), (843, 2129), (475, 2204), (659, 199)]",6,N/A,N/A
normalization_pretest_watrin_813.png,"[(1061, 2138), (915, 2065), (747, 199), (549, 2065), (547, 2138), (693, 2209)]",6,N/A,N/A
normalization_pretest_watrin_815.png,"[(844, 2065), (549, 2210), (843, 2138), (476, 2065), (625, 2139), (574, 200)]",6,N/A,N/A
normalization_pretest_watrin_818.png,"[(843, 2057), (989, 2131), (698, 2129), (550, 2057), (623, 2204), (665, 200)]",6,N/A,N/A
normalization_pretest_watrin_819.png,"[(477, 2212), (551, 2139), (621, 202), (991, 2138), (550, 2068), (919, 2067)]",6,N/A,N/A
normalization_pretest_watrin_823.png,"[(701, 2140), (921, 2139), (704, 201), (701, 2212), (921, 2066), (481, 2067)]",6,N/A,N/A
normalization_pretest_watrin_825.png,"[(623, 2211), (698, 2065), (705, 200), (549, 2065), (917, 2065)]",5,N/A,N/A
normalization_pretest_watrin_829.png,"[(1069, 2137), (479, 2066), (625, 199)]",3,N/A,N/A
normalization_pretest_watrin_831.png,"[(555, 2131), (922, 2059), (921, 2129), (629, 2059), (664, 200), (631, 2201)]",6,N/A,N/A
normalization_pretest_watrin_832.png,"[(916, 2060), (623, 2203), (477, 2131), (658, 202), (550, 2059), (1061, 2131)]",6,N/A,N/A
normalization_pretest_watrin_833.png,"[(631, 202), (556, 2067)]",2,N/A,N/A
normalization_pretest_watrin_835.png,"[(842, 2135), (621, 2209), (622, 2135), (701, 197), (916, 2062), (472, 2063)]",6,N/A,N/A
normalization_pretest_watrin_839.png,"[(689, 2066), (1057, 2067), (983, 2140), (747, 200)]",4,N/A,N/A
normalization_pretest_watrin_845.png,"[(841, 2128), (549, 2056), (915, 2056), (473, 2129), (549, 2201), (662, 200)]",6,N/A,N/A
normalization_pretest_watrin_847.png,"[(470, 2139), (752, 201), (470, 2067), (619, 2211), (911, 2067), (983, 2139)]",6,N/A,N/A
normalization_pretest_watrin_848.png,"[(621, 2067), (1060, 2140), (473, 2213), (745, 201), (913, 2068), (619, 2135)]",6,N/A,N/A
normalization_pretest_watrin_849.png,"[(693, 2201), (622, 2129), (549, 2056), (843, 2057), (662, 201), (842, 2131)]",6,N/A,N/A
normalization_pretest_watrin_851.png,"[(620, 2143), (472, 2069), (911, 2140), (471, 2215), (700, 202), (915, 2069)]",6,N/A,N/A
normalization_pretest_watrin_852.png,"[(549, 2211), (475, 2066), (1063, 2066), (843, 2135), (475, 2137), (620, 200)]",6,N/A,N/A
normalization_pretest_watrin_854.png,"[(921, 2075), (479, 2078), (479, 2222), (698, 211), (554, 2151), (994, 2147)]",6,N/A,N/A
normalization_pretest_watrin_906.png,"[(921, 2128), (921, 2055), (656, 197), (627, 2126), (627, 2200), (555, 2055)]",6,N/A,N/A
normalization_pretest_watrin_911.png,"[(710, 2224), (711, 2152), (488, 2083), (700, 215), (1076, 2078), (1001, 2150)]",6,N/A,N/A
normalization_pretest_watrin_914.png,"[(469, 2065), (617, 2138), (911, 2066), (542, 2211), (838, 2135), (573, 196)]",6,N/A,N/A
normalization_pretest_watrin_916.png,"[(469, 2056), (837, 2056), (542, 2200), (657, 199), (467, 2128), (1058, 2128)]",6,N/A,N/A
normalization_pretest_watrin_921.png,"[(1066, 2135), (478, 2135), (920, 2063), (626, 2206), (551, 2063), (626, 196)]",6,N/A,N/A
normalization_pretest_watrin_924.png,"[(619, 2210), (473, 2139), (1059, 2061), (910, 2135), (695, 199), (693, 2063)]",6,N/A,N/A
normalization_pretest_watrin_935.png,"[(476, 2067), (550, 2139), (572, 200), (699, 2211), (988, 2137), (844, 2065)]",6,N/A,N/A
normalization_pretest_watrin_936.png,"[(476, 2073), (477, 2217), (1063, 2143), (625, 2145), (916, 2073), (698, 207)]",6,N/A,N/A
normalization_pretest_watrin_937.png,"[(625, 2137), (1064, 2135), (699, 2207), (476, 2066), (578, 199), (1064, 2065)]",6,N/A,N/A
normalization_pretest_watrin_938.png,"[(688, 2219), (616, 2147), (469, 2077), (837, 2147), (694, 208), (910, 2077)]",6,N/A,N/A
normalization_pretest_watrin_940.png,"[(703, 2217), (704, 2145), (922, 2072), (482, 2074), (619, 206), (997, 2143)]",6,N/A,N/A
normalization_pretest_watrin_941.png,"[(837, 2140), (620, 2068), (839, 2067), (545, 2212), (543, 2139), (754, 200)]",6,N/A,N/A
normalization_pretest_watrin_942.png,"[(617, 2128), (467, 2054), (661, 197), (909, 2056), (1054, 2128), (614, 2205)]",6,N/A,N/A
normalization_pretest_watrin_944.png,"[(710, 2223), (565, 2153), (1003, 2149), (489, 2083), (928, 2077), (742, 213)]",6,N/A,N/A
normalization_pretest_watrin_947.png,"[(473, 2063), (547, 2137), (695, 2212), (842, 2137), (1061, 2065), (579, 199)]",6,N/A,N/A
normalization_pretest_watrin_948.png,"[(554, 2138), (847, 2138), (623, 200), (478, 2210), (555, 2067), (1070, 2065)]",6,N/A,N/A
normalization_pretest_watrin_951.png,"[(475, 2067), (622, 2212), (1063, 2067), (988, 2139), (549, 2141), (704, 201)]",6,N/A,N/A
normalization_pretest_watrin_955.png,"[(478, 2071), (844, 2069), (572, 205), (698, 2215), (844, 2143), (627, 2144)]",6,N/A,N/A
normalization_pretest_watrin_957.png,"[(992, 2138), (746, 200), (697, 2067), (697, 2212), (992, 2063), (549, 2139)]",6,N/A,N/A
